Nom;Reference;Categorie;Prix;Prix promo;Stock;Description;Couleur;Dimensions;Image
Affleureuse / défonceuse électrique DW08528 — 440 W — diamètre de base 6 mm;DW08528;Machine;135.000;;2;"<div class=""ck-content""><p>Affleureuse / défonceuse électrique DW08528 — 440 W</p><p>&nbsp;</p><p>Affleureuse électrique compacte conçue pour les travaux de finition, d’affleurage et de petites opérations de fraisage avec l’accessoire adapté. Son format facilite le travail précis sur les chants et les surfaces de panneaux.</p><p>&nbsp;</p><p>Caractéristiques techniques</p><p>Modèle : DW08528</p><p>Diamètre de base : 6 mm</p><p>Puissance : 440 W</p><p>Tension : 220–240 V, 50/60 Hz</p><p>Vitesse à vide : 30 000 tr/min</p><p>Poids : environ 1,8 kg</p><p>&nbsp;</p><p>Vérifiez la compatibilité de la fraise et respectez les consignes de sécurité avant toute utilisation. Portez une protection oculaire et maintenez fermement la pièce.</p><p>&nbsp;</p><p>التفاصيل بالعربية</p><p>&nbsp;</p><p>ماكينة تشذيب وحفر كهربائية DW08528 — قدرة 440 واط</p><p>&nbsp;</p><p>ماكينة كهربائية مدمجة مخصصة لأعمال التشذيب والتنعيم والعمليات الخفيفة باستعمال الملحق المناسب. يساعد تصميمها على إنجاز أعمال دقيقة على حواف الألواح والأسطح.</p><p>&nbsp;</p><p>المواصفات التقنية:</p><p>الموديل: DW08528</p><p>قطر القاعدة: 6 مم</p><p>القدرة: 440 واط</p><p>الجهد: 220–240 فولت، 50/60 هرتز</p><p>السرعة دون حمل: 30,000 دورة في الدقيقة</p><p>الوزن: حوالي 1.8 كغ</p><p>&nbsp;</p><p>يجب التأكد من توافق رأس القطع واتباع تعليمات السلامة قبل الاستعمال. يُنصح بارتداء واقي العين وتثبيت قطعة العمل جيداً.</p></div>";;;https://cdn.converty.shop/images/d30157a6895f36db03e9fb760172492c5822f681a91d8ba69fc9419d44f8f4c4_lg.webp
Pince gabarit de perçage pour vis d’assemblage — 2 options;GABARIT-PERCAGE-VIS-ASSEMBLAGE;Accessoires utiles;95.000;70.000;10;"<div class=""ck-content""><h2>Pince gabarit de perçage pour vis d’assemblage — 2 options</h2><p>Pince gabarit manuelle conçue pour guider des perçages réguliers et correctement positionnés lors de l’assemblage de panneaux de meubles.</p><p><strong>Choisissez la configuration adaptée :</strong></p><p><strong>1. Vis d’assemblage — avec mèche :</strong> pince/gabarit avec la mèche de préparation correspondante.</p><p><strong>2. Vis d’assemblage — sans mèche :</strong> pince/gabarit seule, sans mèche incluse.</p><p>Maintenez correctement le panneau, réglez la butée et la profondeur, faites un essai sur une chute et portez une protection oculaire.</p><h3>التفاصيل بالعربية</h3><p><strong>كماشة/قالب حفر لبراغي التجميع — خياران</strong>، تساعد على إنجاز ثقوب منتظمة ودقيقة عند تجميع ألواح الأثاث.</p><p><strong>اختر الإعداد المناسب:</strong></p><p><strong>1. براغي التجميع — مع ريشة:</strong> كماشة/قالب مرفقة بريشة التحضير المناسبة.</p><p><strong>2. براغي التجميع — بدون ريشة:</strong> كماشة/قالب بدون ريشة مرفقة.</p><p>ثبّت اللوح جيداً، واضبط الحاجز وعمق الحفر، وجرب أولاً على قطعة غير ظاهرة واستعمل نظارات واقية.</p></div>";;;https://cdn.converty.shop/images/40bae0fb2b9e44c2783350e7d337413524ed3bfe04116b4115a62a79c7bb711b_lg.webp
Pince pour vis d’excentrique / Minifix — fiche seule;GABARIT-PERCAGE-VIS-EXCENTRIQUE;Accessoires utiles;95.000;75.000;5;"<div class=""ck-content""><h2>Pince pour vis d’excentrique / Minifix — fiche seule</h2><p>Pince gabarit manuelle conçue pour guider la préparation des perçages destinés aux assemblages par vis d’excentrique, également appelés connecteurs Cam Lock ou Minifix, sur les panneaux de meubles.</p><p>Cette fiche correspond uniquement à la configuration pour vis d’excentrique / Minifix. Elle permet de positionner correctement le gabarit, de régler la butée et la profondeur, puis de réaliser un perçage régulier sur un matériau compatible.</p><p><strong>Conseils d’utilisation :</strong> maintenir le panneau, vérifier le diamètre et la profondeur nécessaires, faire un essai sur une chute et porter une protection oculaire.</p><h3>التفاصيل بالعربية</h3><p><strong>كماشة/قالب حفر لبراغي اللامركزية / Minifix — منتج مستقل</strong></p><p>كماشة يدوية مخصصة لتوجيه وتحضير الثقوب اللازمة لوصلات التجميع اللامركزية، المعروفة أيضاً باسم Cam Lock أو Minifix، في ألواح الأثاث.</p><p>تخص هذه الصفحة إعداد البراغي اللامركزية / Minifix فقط. ثبّت القالب جيداً، واضبط الحاجز والعمق، ثم جرّب أولاً على قطعة غير ظاهرة قبل الاستعمال.</p><p><strong>نصيحة السلامة:</strong> تأكد من توافق القطر والعمق واستعمل نظارات واقية.</p></div>";;;https://cdn.converty.shop/images/f9fea8a9bf13d83bdee88a784c56f2c77625895fc069e2b0fb88f28a50c9c0dc_lg.webp
Clous sans couture à double tête pour plinthes et moulures — sachet de 100;CLOUS-DOUBLE-TETE-100;Accessoires utiles;35.000;20.000;1000;"<div class=""ck-content""><h2>Clous sans couture à double tête pour plinthes et moulures — sachet de 100</h2><p>Clous à double pointe pour une fixation discrète de plinthes, moulures, baguettes, panneaux décoratifs et petites pièces de finition. La conception sans tête apparente aide à obtenir une pose propre et peu visible.</p><p><strong>Conditionnement :</strong> 1 sachet contenant 100 clous. Le produit s’utilise avec le manchon ou tube de frappe adapté.</p><p><strong>Pose :</strong> engager une première pointe dans le support à l’aide du manchon, puis positionner la pièce de finition sur la seconde pointe et la mettre en place avec de petits coups contrôlés. Faire un essai sur une zone discrète et vérifier que le support convient.</p><p><strong>Applications :</strong> plinthes, moulures, baguettes, panneaux muraux légers, éléments de menuiserie et décoration. Ce produit ne remplace pas une fixation structurelle par vis et chevilles.</p><p><strong>Dimensions indicatives du visuel :</strong> longueur totale environ 25,5 mm, diamètre de pointe environ 2,5 mm et partie filetée environ 8,5 mm.</p><hr><h3>التفاصيل بالعربية</h3><div dir=""rtl"" lang=""ar""><p><strong>مسامير بدون أثر برأسين لتثبيت القواعد والكرانيش — كيس يحتوي على 100 مسمار</strong>، مخصصة للتثبيت غير الظاهر للقواعد والكرانيش والشرائط وألواح الزينة وقطع التشطيب الصغيرة.</p><p><strong>المحتوى:</strong> كيس واحد يحتوي على 100 مسمار. يستعمل المنتج مع الجلبة أو أنبوب الطرق المناسب.</p><p><strong>طريقة التركيب:</strong> أدخل الرأس الأول في السطح باستعمال الجلبة، ثم ضع قطعة التشطيب على الرأس الثاني وثبتها بضربات خفيفة ومحكومة. يجب إجراء تجربة أولاً في مكان غير ظاهر والتأكد من ملاءمة السطح.</p><p><strong>الاستخدامات:</strong> قواعد الأرضيات، الكرانيش، شرائط التشطيب، الألواح الجدارية الخفيفة، عناصر النجارة والديكور. لا يعوّض هذا المنتج التثبيت الإنشائي بالبراغي والمراسي.</p><p><strong>الأبعاد التقريبية الظاهرة في الصورة:</strong> طول إجمالي حوالي 25.5 مم، وقطر الرأس المدبب حوالي 2.5 مم، وجزء ملولب حوالي 8.5 مم.</p></div></div>";;;https://cdn.converty.shop/images/549496c3c73483280b2415e183376487071b08118bfd12c0df13e687e80659f3_lg.webp
Pince de maintien et d’alignement pour façades de tiroirs;PINCE-MAINTIEN-FACADES-TIROIRS;Accessoires utiles;75.000;55.000;10;"<h2>Pince de maintien et d’alignement pour façades de tiroirs</h2>
<p>Pince de montage réglable conçue pour maintenir une façade de tiroir contre son caisson pendant le positionnement, le contrôle des jeux et la fixation par vis. Elle permet de travailler plus facilement seul et de garder la façade stable pendant le montage.</p>
<p>Sa structure métallique en U, sa vis de serrage et son patin rond de protection permettent de maintenir différents panneaux dans la position souhaitée. Le patin aide à limiter le glissement et protège la surface lorsqu’il est correctement réglé.</p>
<p><strong>Utilisation :</strong> placer la pince sur le tiroir et la façade, régler la vis selon l’épaisseur du panneau, positionner la façade avec les jeux souhaités, puis serrer progressivement. Vérifier l’alignement et l’ouverture du tiroir avant de fixer les vis par l’intérieur.</p>
<p><strong>Applications :</strong> montage et remplacement de façades de tiroirs, réglage des recouvrements, alignement des jeux entre tiroirs, installation de façades sur meubles de cuisine, dressing, salle de bains et mobilier sur mesure.</p>
<p><strong>Dimensions indiquées sur le visuel :</strong> environ 12 cm de hauteur, 6,8 cm de longueur et 4,6 cm de profondeur. Vérifier la compatibilité avec l’épaisseur réelle du panneau avant utilisation.</p>
<p><strong>Conseils :</strong> ne pas serrer excessivement, protéger les surfaces fragiles avec une protection adaptée et effectuer un contrôle sur une zone non visible. Cette pince sert au maintien et à l’alignement ; elle ne remplace pas les vis ni le système de fixation définitif de la façade.</p>
<hr>
<h3>التفاصيل بالعربية</h3>
<div dir=""rtl"" lang=""ar"">
<p><strong>كماشة تثبيت ومحاذاة لواجهات الأدراج</strong>، قابلة للضبط ومخصصة لتثبيت واجهة الدرج مقابل الصندوق أثناء تحديد الموضع وضبط الفواصل وتثبيتها بالبراغي. تساعد على العمل بسهولة حتى من دون شخص مساعد وتحافظ على ثبات الواجهة أثناء التركيب.</p>
<p>تتكون من هيكل معدني على شكل U، وبرغي شد، ووسادة دائرية للحماية. تسمح بضبط الضغط حسب سماكة اللوح، وتساعد الوسادة على تقليل الانزلاق وحماية السطح عند ضبطها بشكل صحيح.</p>
<p><strong>طريقة الاستعمال:</strong> ضع الكماشة على الدرج والواجهة، واضبط البرغي حسب سماكة اللوح، ثم حدّد مكان الواجهة والفواصل المطلوبة وشدّ تدريجياً. افحص المحاذاة وحركة الدرج قبل تثبيت البراغي من الداخل.</p>
<p><strong>الاستخدامات:</strong> تركيب واستبدال واجهات الأدراج، ضبط التراكب والفواصل، محاذاة الأدراج، وتركيب واجهات خزائن المطابخ وغرف الملابس والحمامات والأثاث المصمم حسب الطلب.</p>
<p><strong>الأبعاد الظاهرة في الصورة:</strong> حوالي 12 سم ارتفاعاً و6.8 سم طولاً و4.6 سم عمقاً. يجب التأكد من توافقها مع سماكة اللوح قبل الاستعمال.</p>
<p><strong>نصائح:</strong> لا تشدّ البرغي بقوة مفرطة، واحمِ الأسطح الحساسة بوسيلة مناسبة، واختبر التثبيت في مكان غير ظاهر. هذه الكماشة مخصصة للتثبيت والمحاذاة ولا تعوّض البراغي أو نظام التثبيت النهائي للواجهة.</p>
</div>";;;https://cdn.converty.shop/images/47c251d0e64be185f5d868f37abad8fae49714eff0fbc634de71831d9dda60ae_lg.webp
Fraises de pliage en arc 1/2 — Profils R10 à R50;FRAISE-RAYON-12-7MM;Accessoires utiles;85.000;65.000;40;"<div class=""ck-content""><p>Fraises de pliage en arc pour défonceuse, avec queue 1/2 (12,7 mm).</p><p>Conçues pour usiner des profils et des rainures permettant de former des courbures régulières et des chants arrondis sur panneaux en bois, portes de meubles, caissons et autres éléments de menuiserie, selon le matériau, l’épaisseur et les réglages de la machine.</p><p><strong>Profils disponibles :</strong> R10, R18, R30 et R50.</p><p><strong>Queue :</strong> 1/2 (12,7 mm).</p><p><strong>Fonction principale :</strong> cintrage, profilage, rainurage et finition des chants — il ne s’agit pas d’une fraise d’assemblage dédiée.</p><p>Utiliser avec une défonceuse compatible et respecter les consignes de sécurité.</p><h3>التفاصيل بالعربية</h3><p>فرايز لتشكيل الانحناء القوسي، بعمود قياس 1/2 بوصة (12.7 مم)، مخصصة للاستعمال مع ماكينة راوتر متوافقة.</p><p>تُستعمل لإنجاز أخاديد وملفات تساعد على تشكيل الانحناءات المنتظمة والحواف الدائرية في ألواح الخشب وأبواب الأثاث والخزائن، حسب نوع المادة وسمكها وإعدادات الآلة.</p><p><strong>المقاسات المتوفرة:</strong> R10، R18، R30 وR50.</p><p><strong>العمود:</strong> 1/2 بوصة (12.7 مم).</p><p><strong>الوظيفة الرئيسية:</strong> تشكيل الانحناءات، التفريز، تشطيب الحواف وإنجاز الأخاديد، وليست فرازة مخصصة لوصل وتجميع الألواح.</p><p>تُستعمل مع ماكينة راوتر متوافقة، مع احترام تعليمات السلامة والإعدادات المناسبة للمادة.</p></div>";;;https://cdn.converty.shop/images/27f6fd03ab120e1014502d0b05115a21ea7d00562654731df3a4005e77aafcb0_lg.webp
Fraise à rainurer en V pour pliage de panneaux MDF et high gloss;FRAISE-ENTURES-MULTIPLES-12;Accessoires utiles;85.000;55.000;10;"<div class=""ck-content""><h2>Fraise à rainurer en V pour pliage de panneaux MDF et high gloss</h2>
<p>Fraise de défonceuse conçue pour réaliser des rainures en V rapprochées dans la face arrière des panneaux afin de permettre leur pliage et la formation d’un angle propre, tout en conservant la face décorative extérieure.</p>
<p>Elle convient particulièrement aux panneaux MDF, MDF laqué, panneaux high gloss, panneaux mélaminés, contreplaqué et autres panneaux à base de bois compatibles avec la fraise et la profondeur de coupe. Elle peut être utile aux menuisiers, fabricants de meubles, cuisinistes, aménageurs de dressings et artisans.</p>
<p><strong>Fonction principale :</strong> créer une ou plusieurs rainures en V régulières pour réduire localement l’épaisseur du panneau, puis le plier suivant la ligne de rainurage. Cette technique permet de réaliser des retours, angles, joues, caissons et formes pliées dans des panneaux sans traverser complètement la face visible.</p>
<p><strong>Résultat :</strong> la rainure facilite le pliage à 90° ou selon l’angle prévu par le réglage et la géométrie de la fraise. L’angle final dépend de la profondeur, de la largeur, du profil de la rainure, de l’épaisseur du panneau et du revêtement.</p>
<p><strong>Utilisation recommandée :</strong> monter la fraise sur une défonceuse ou une machine compatible, régler la profondeur sur une chute du même panneau, effectuer un essai de pliage et ajuster progressivement. Ne pas couper la face décorative extérieure et prévoir un maintien ou un collage adapté après le pliage.</p>
<p><strong>Marquage visible :</strong> 1/2 × 6 × 21, R1.6. Ces indications doivent être vérifiées avec le produit réel et le diamètre de la queue avant utilisation.</p>
<p><strong>Sécurité :</strong> porter des lunettes et une protection auditive, fixer correctement le panneau, utiliser une vitesse adaptée et ne jamais toucher la fraise pendant sa rotation. Vérifier la compatibilité de la fraise avec le MDF, le high gloss, la machine et le revêtement avant le premier travail.</p>
<hr>
<h3>التفاصيل بالعربية</h3>
<div dir=""rtl"" lang=""ar"">
<p><strong>فرازة لعمل مجرى على شكل حرف V لثني ألواح MDF والألواح اللامعة High Gloss</strong>، مخصصة لإنشاء مجارٍ متقاربة في الجهة الخلفية للوح لتسهيل ثنيه وتكوين زاوية نظيفة مع الحفاظ على الوجه الخارجي المزخرف.</p>
<p>تناسب ألواح MDF وMDF المطلي والألواح اللامعة والألواح الملبسة والميلامين والخشب الرقائقي وغيرها من الألواح الخشبية المتوافقة مع الفرازة وعمق القطع. وهي مفيدة للنجارين وصانعي الأثاث والمطابخ وغرف الملابس والحرفيين.</p>
<p><strong>الوظيفة الأساسية:</strong> إنشاء مجرى أو عدة مجارٍ منتظمة على شكل V لتقليل سماكة اللوح في مكان محدد، ثم ثنيه على خط المجرى لتكوين زاوية أو شكل مطوي من دون اختراق الوجه الظاهر بالكامل.</p>
<p><strong>النتيجة:</strong> يساعد المجرى على الثني بزاوية 90 درجة أو بزاوية أخرى حسب الضبط وشكل الفرازة. تعتمد الزاوية النهائية على عمق القطع وعرض المجرى وسماكة اللوح ونوع الطلاء أو الكسوة.</p>
<p><strong>طريقة الاستعمال:</strong> ثبّت الفرازة على آلة متوافقة، واضبط العمق أولاً على قطعة اختبار من نفس اللوح، ثم جرّب الثني وعدّل العمق تدريجياً. يجب عدم قطع الوجه الخارجي المزخرف بالكامل، مع استعمال تثبيت أو غراء مناسب بعد الثني.</p>
<p><strong>العلامات الظاهرة:</strong> 1/2 × 6 × 21 وR1.6. يجب التأكد من هذه القياسات ومن قطر الساق مع المنتج الحقيقي قبل التشغيل.</p>
<p><strong>السلامة:</strong> ارتدِ نظارات واقية وحماية للسمع، ثبّت اللوح جيداً، استعمل سرعة مناسبة ولا تلمس الفرازة أثناء دورانها. تأكد من توافقها مع MDF واللوح اللامع والآلة والكسوة قبل بدء العمل.</p>
</div></div>";;;https://cdn.converty.shop/images/fb029598156d0c6ee4b293108fbe909b197c837d24bbbc9f35aa801853defe3d_lg.webp
Mini meuleuse pneumatique à renvoi d’angle;PONCEUSE-PNEUMATIQUE-ANGLE;Accessoires utiles;185.000;165.000;5;"<div class=""ck-content""><h2>Mini meuleuse pneumatique à renvoi d’angle</h2>
<p>Outil pneumatique compact conçu pour les travaux de meulage léger, d’ébavurage, de ponçage, de polissage et de préparation de surface. Sa tête à renvoi d’angle facilite l’accès aux zones étroites, aux chants, aux angles et aux endroits difficiles à atteindre avec un outil droit.</p>
<p>Elle convient aux menuisiers, artisans, ateliers de rénovation, travaux de métal et opérations de finition sur le bois, le plastique et certains matériaux adaptés à l’abrasif utilisé.</p>
<p><strong>Applications :</strong> ébavurage de petites pièces, retrait de rouille et de calamine, nettoyage léger de soudures, préparation de surface, finition des chants, ponçage localisé et polissage avec l’accessoire compatible.</p>
<p><strong>Utilisation :</strong> raccorder l’outil à un compresseur d’air équipé d’un raccord compatible, monter un disque, rouleau, tampon de polissage ou une fraise abrasive adapté au modèle, puis travailler progressivement sans forcer sur la pièce.</p>
<p><strong>Avantages :</strong> format compact, accès amélioré dans les espaces confinés, contrôle précis pour les petites retouches et polyvalence pour les travaux de finition. La vitesse, la pression de service, le diamètre de l’accessoire et le type de fixation dépendent du modèle et de l’accessoire utilisé.</p>
<p><strong>Sécurité :</strong> utiliser à sec, porter des lunettes, une protection auditive, un masque adapté et des gants appropriés. Respecter la pression maximale indiquée par le fabricant du modèle et ne jamais utiliser un abrasif endommagé ou incompatible.</p>
<hr>
<h3>التفاصيل بالعربية</h3>
<div dir=""rtl"" lang=""ar"">
<p><strong>جلاخة هوائية صغيرة بزاوية جانبية</strong>، مخصصة لأعمال الجلخ الخفيف وإزالة الزوائد والصنفرة والتلميع وتحضير الأسطح. تساعد الرأس ذات الزاوية على الوصول إلى الأماكن الضيقة والحواف والزوايا التي يصعب الوصول إليها بأداة مستقيمة.</p>
<p>تناسب النجارين والحرفيين وورش الترميم وأعمال المعادن وعمليات التشطيب على الخشب والبلاستيك وبعض المواد المناسبة للأداة الكاشطة.</p>
<p><strong>مجالات الاستعمال:</strong> إزالة الزوائد من القطع الصغيرة، إزالة الصدأ والقشور، تنظيف اللحامات بشكل خفيف، تحضير السطح، تشطيب الحواف، الصنفرة الموضعية والتلميع باستعمال الملحق المناسب.</p>
<p><strong>طريقة الاستعمال:</strong> صِل الأداة بضاغط هواء مزود بوصلة مناسبة، وثبّت القرص أو أسطوانة الصنفرة أو رأس التلميع أو الفرازة الكاشطة المتوافقة مع الطراز، ثم اعمل تدريجياً من دون الضغط القوي على القطعة.</p>
<p><strong>المزايا:</strong> حجم صغير، وصول أفضل إلى الأماكن الضيقة، تحكم مناسب في أعمال التشطيب الصغيرة وتعدد الاستعمالات. تعتمد السرعة وضغط التشغيل وقطر الملحق وطريقة تثبيته على الطراز والملحق المستخدم.</p>
<p><strong>السلامة:</strong> استعملها على الجاف، وارتدِ نظارات واقية وحماية للسمع وقناعاً مناسباً وقفازات ملائمة. احترم أقصى ضغط يحدده المصنع ولا تستعمل أي مادة كاشطة تالفة أو غير متوافقة.</p>
</div></div>";;;https://cdn.converty.shop/images/8d9006d6b5b1344ca619a9a0be9b19eeb58f577d1dd7e2ec2fed6f64a2ca3890_lg.webp
Gabarit push open, d’alignement et de perçage  pour portes de meubles;GABARIT-REGLAGE-CHARNIERE;Accessoires utiles;125.000;85.000;5;"<div class=""ck-content""><h2>Gabarit réglable de montage, d’alignement et de perçage Push Open pour portes de meubles</h2>
<p>Positionneur réglable conçu pour aider les menuisiers, artisans et bricoleurs à installer et aligner les portes de meubles, de cuisines, d’armoires et de dressings.</p>
<p>L’outil maintient la porte ou le panneau pendant le réglage. Il aide à ajuster la hauteur et le niveau, à contrôler les jeux entre la porte et le caisson et à conserver une position stable avant la fixation définitive des charnières et de la porte.</p>
<p><strong>Fonction supplémentaire Push Open :</strong> le guide intégré permet de réaliser un trou de <strong>10 mm</strong> destiné à l’installation d’un poussoir de porte sans poignée, aussi appelé système Push Open ou touch latch, lorsque le poussoir utilisé est prévu pour ce diamètre.</p>
<p><strong>Applications :</strong> montage et remplacement de portes de meubles, réglage de la position d’une porte vers le haut ou vers le bas, alignement des façades et perçage du logement d’un poussoir Push Open avant son installation. L’outil peut faciliter la pose des charnières, mais le perçage de 10 mm concerne le poussoir Push Open et non le logement de la charnière.</p>
<p><strong>Avantages :</strong> positionnement plus rapide, réglage plus précis, maintien stable du panneau et travail plus confortable. Le système réglable permet de l’adapter à différentes configurations de portes et d’épaisseurs de panneaux, sous réserve de compatibilité.</p>
<p><strong>Conseil :</strong> vérifier le diamètre indiqué par le fabricant du poussoir avant de percer. Pour ce modèle, le diamètre documenté est 10 mm. Vérifier également la largeur, l’épaisseur et le poids de la porte, protéger les surfaces fragiles si nécessaire et contrôler l’alignement avant la fixation définitive.</p>
<hr>
<h3>التفاصيل بالعربية</h3>
<div dir=""rtl"" lang=""ar"">
<p><strong>قالب قابل للتعديل لتركيب ومحاذاة الأبواب وحفر فتحة Push Open</strong>، مناسب للنجارين والحرفيين وأصحاب الورش لتركيب وضبط أبواب الخزائن والمطابخ والدواليب وغرف الملابس.</p>
<p>يثبت القالب الباب أو اللوح أثناء الضبط، ويساعد على تعديل الارتفاع والمستوى ومراقبة الفواصل بين الباب والخزانة قبل التثبيت النهائي للمفصلات والباب.</p>
<p><strong>وظيفة Push Open الإضافية:</strong> يحتوي الدليل على فتحة تسمح بحفر ثقب بقطر <strong>10 مم</strong> لتركيب دافع الباب بدون مقبض، المعروف باسم Push Open أو touch latch، عندما يكون الدافع مناسباً لهذا القطر.</p>
<p><strong>مجالات الاستعمال:</strong> تركيب أو استبدال أبواب الأثاث، ضبط موضع الباب إلى الأعلى أو الأسفل، محاذاة الواجهات وحفر مكان دافع Push Open قبل تركيبه. يمكن أن يساعد في تركيب المفصلات، لكن ثقب 10 مم مخصص لدافع Push Open وليس لقاعدة المفصلة.</p>
<p><strong>المزايا:</strong> تركيب أسرع، ضبط أكثر دقة، تثبيت مستقر للوح وعمل أكثر راحة. يسمح التصميم القابل للتعديل باستعماله مع عدة أشكال وسماكات للأبواب، مع ضرورة التأكد من التوافق.</p>
<p><strong>نصيحة:</strong> تحقق من القطر المحدد من طرف الشركة المصنعة للدافع قبل الحفر. القطر الموثق لهذا النوع هو 10 مم. تحقق أيضاً من عرض الباب وسماكته ووزنه، واحمِ الأسطح الحساسة عند الحاجة، وتأكد من المحاذاة قبل التثبيت النهائي.</p>
</div></div>";;;https://cdn.converty.shop/images/2fa2baab23ebaa3dc6118ec2460d01b70eca1ea3f8de7af9883cbb559a5b3c4b_lg.webp
Gabarit réglable de perçage pour vis excentriques et tourillons;GABARIT-CHARNIERE-35MM;Accessoires utiles;185.000;125.000;5;"<h2>Gabarit réglable de perçage pour vis excentriques et tourillons</h2>
<p>Gabarit de perçage et de positionnement conçu pour les menuisiers, artisans et bricoleurs qui assemblent des meubles, caissons, étagères et panneaux en bois.</p>
<p>Il guide les perçages nécessaires aux assemblages démontables avec <strong>vis excentriques de type Minifix / cam lock</strong> et <strong>tourillons</strong>. Ses repères et ses bagues de guidage aident à aligner les trous sur le chant et la face du panneau afin d’obtenir des assemblages réguliers.</p>
<p><strong>Fonctions principales :</strong> perçage et guidage des trous de tourillons, positionnement des perçages pour boulons et vis excentriques, réglage de la position selon l’épaisseur du panneau et répétition du même assemblage sur plusieurs pièces.</p>
<p><strong>Applications :</strong> assemblages bord à bord, bord sur face et bord en angle, fabrication et réparation de meubles, caissons de cuisine, dressing, bibliothèques et mobilier démontable. Selon les douilles et accessoires du kit, les guides peuvent être utilisés avec des diamètres de perçage courants comme 6, 8, 10 et 15 mm.</p>
<p><strong>Avantages :</strong> positionnement plus rapide, trous mieux alignés, assemblages plus propres et travail plus répétitif qu’un perçage manuel. Le système réglable permet de l’adapter à différentes épaisseurs et configurations de panneaux, sous réserve de compatibilité.</p>
<p><strong>Conseil :</strong> vérifier le diamètre des tourillons, des boulons et des boîtiers excentriques ainsi que la composition exacte du kit avant utilisation. Ce produit est destiné aux assemblages de meubles ; ce n’est pas un gabarit de charnières invisibles et il ne sert pas au perçage Push Open.</p>
<hr>
<h3>التفاصيل بالعربية</h3>
<div dir=""rtl"" lang=""ar"">
<p><strong>قالب قابل للتعديل لحفر براغي الإكسنترك والتوابل الخشبية</strong>، مناسب للنجارين والحرفيين وأصحاب الأعمال اليدوية لتجميع الأثاث والخزائن والرفوف والألواح الخشبية.</p>
<p>يوجه القالب الثقوب اللازمة للوصلات القابلة للفك باستعمال <strong>براغي الإكسنترك من نوع Minifix / Cam Lock</strong> و<strong>التوابل الخشبية</strong>. تساعد العلامات وأدلة الحفر على محاذاة الثقوب في حافة اللوح ووجهه للحصول على تجميع منتظم.</p>
<p><strong>الوظائف الرئيسية:</strong> توجيه وحفر ثقوب التوابل، تحديد مواضع ثقوب البراغي والوصلات اللامركزية، ضبط مكان الحفر حسب سماكة اللوح وتكرار نفس الوصلة في عدة قطع.</p>
<p><strong>مجالات الاستعمال:</strong> تجميع الحواف مع بعضها، والحافة مع وجه اللوح، والتجميع بزاوية، إضافة إلى صناعة وإصلاح الأثاث وخزائن المطابخ وغرف الملابس والمكتبات والأثاث القابل للفك. وحسب جلبات ومكونات الطقم، يمكن استعمال أدلة بأقطار شائعة مثل 6 و8 و10 و15 مم.</p>
<p><strong>المزايا:</strong> تحديد أسرع، ثقوب أكثر محاذاة، تجميع أنظف ونتائج متكررة أكثر من الحفر اليدوي. يسمح النظام القابل للتعديل باستعماله مع سماكات وأشكال مختلفة من الألواح، مع ضرورة التأكد من التوافق.</p>
<p><strong>نصيحة:</strong> تحقق من قطر التوابل والبراغي وعلب الإكسنترك ومكونات الطقم قبل الاستعمال. هذا المنتج مخصص لتجميع الأثاث، وليس قالباً للمفصلات المخفية ولا يُستخدم لحفر Push Open.</p>
</div>";;;https://cdn.converty.shop/images/04c3ac85c55adce8874bfe6f52d081d643f56958ebd2309fd1fd1d2e1f02775b_lg.webp
Gabarit de perçage pour charnières invisibles 35 mm — CMT / July Tools;GABARIT-CHARNIERE-35MM-CMT-JULY;Accessoires utiles;185.000;165.000;4;"<div class=""ck-content""><h2>Gabarit de perçage pour charnières invisibles — cuvette 35 mm — CMT / July Tools</h2>
<p>Gabarit portable de perçage conçu pour réaliser avec précision les logements de cuvette destinés aux charnières invisibles de meubles, aussi appelées charnières européennes. Il aide les menuisiers, installateurs et bricoleurs à positionner la charnière et à effectuer les perçages directement sur la porte ou le panneau, avec une perceuse portative.</p>
<p><strong>Deux modèles disponibles :</strong></p>
<p><strong>Modèle CMT :</strong> gabarit de perçage pour charnières invisibles à cuvette de 35 mm, avec les accessoires visibles sur les photos du modèle CMT.</p>
<p><strong>Modèle July Tools :</strong> gabarit de perçage pour la même application, avec les accessoires visibles sur les photos du modèle July Tools.</p>
<p>Selon le modèle, le kit peut comprendre une fraise ou un ouvre-trou de 35 mm, une mèche pilote de 2 mm, une douille de guidage, une bague de profondeur, une plaque de pression réglable, un serre-joint rapide, une jauge de réglage et les clés nécessaires. Le contenu exact doit être vérifié avec le modèle choisi avant utilisation.</p>
<p>Le gabarit facilite le positionnement du trou de cuvette et des trous pilotes de fixation. Les réglages visibles permettent d’adapter la position du perçage à la distance du bord de la porte et au type de charnière. Il convient aux portes et panneaux de meubles compatibles avec des charnières invisibles de 35 mm.</p>
<p><strong>Conseils d’utilisation :</strong> régler la butée et la distance au bord, fixer fermement le gabarit, faire un essai sur une chute de panneau et contrôler la profondeur avant de percer la porte définitive. Utiliser une perceuse adaptée et porter une protection oculaire. Vérifier le diamètre de la cuvette, l’épaisseur du panneau et le contenu du modèle sélectionné.</p>
<hr>
<h3>التفاصيل بالعربية</h3>
<div dir=""rtl"" lang=""ar"">
<p><strong>قالب حفر للمفصلات المخفية — تجويف 35 مم — CMT / July Tools</strong>، قالب محمول مخصص لإنجاز تجاويف دقيقة للمفصلات المخفية الخاصة بالأثاث، والتي تسمى أيضاً المفصلات الأوروبية. يساعد النجارين والفنيين والحرفيين على تحديد مكان المفصلة وإنجاز الثقوب على باب أو لوح الأثاث باستعمال مثقاب محمول.</p>
<p><strong>يتوفر نموذجان:</strong></p>
<p><strong>نموذج CMT:</strong> قالب حفر للمفصلات المخفية ذات التجويف 35 مم، مع الملحقات الظاهرة في صور نموذج CMT.</p>
<p><strong>نموذج July Tools:</strong> قالب حفر لنفس الاستعمال، مع الملحقات الظاهرة في صور نموذج July Tools.</p>
<p>حسب النموذج، يمكن أن تشتمل المجموعة على قاطع أو أداة فتح تجويف 35 مم، وريشة حفر أولية 2 مم، ودليل توجيه، وحلقة لضبط العمق، ولوحة ضغط قابلة للتعديل، ومشبك تثبيت سريع، ومسطرة ضبط ومفاتيح الاستعمال. يجب التأكد من المحتوى الدقيق للنموذج المختار قبل الاستعمال.</p>
<p>يساعد القالب على تحديد مكان تجويف المفصلة وثقوب التثبيت الأولية. تسمح إعداداته بضبط موضع الحفر حسب المسافة من حافة الباب ونوع المفصلة. يناسب أبواب وألواح الأثاث المتوافقة مع مفصلات مخفية ذات تجويف 35 مم.</p>
<p><strong>نصائح الاستعمال:</strong> اضبط الحاجز والمسافة من الحافة، وثبّت القالب جيداً، وجرب أولاً على قطعة غير ظاهرة، وتحقق من العمق قبل حفر الباب النهائي. استعمل مثقاباً مناسباً ونظارات واقية، وتأكد من قطر التجويف وسماكة اللوح ومحتوى النموذج المختار.</p>
</div></div>";;;https://cdn.converty.shop/images/5b725ee20b47c2ca232cea043e920611465c0efdb5d6d889b49e9922eb530605_lg.webp
Pince d’assemblage à 90° — bout ouvert ou bout fermé;PINCE-ASSEMBLAGE-90-BOUTS;Accessoires utiles;45.000;35.000;20;"<div class=""ck-content""><h2>Pince d’assemblage à 90° pour panneaux — modèles à bout ouvert et bout fermé</h2>
<p>Pince de positionnement et d’alignement conçue pour maintenir deux panneaux à angle droit pendant l’assemblage de meubles, caissons, armoires, dressings, étagères et cadres.</p>
<p>Elle aide à garder les pièces parfaitement d’équerre avant le vissage, le perçage, le collage ou la fixation définitive. Son réglage permet de maintenir des panneaux de différentes épaisseurs, sous réserve de la capacité réelle du modèle.</p>
<p><strong>Modèle à bout fermé :</strong> adapté aux assemblages en L et aux coins fermés à 90°. Il maintient les deux panneaux au niveau du coin extérieur pendant la mise en place et la fixation.</p>
<p><strong>Modèle à bout ouvert :</strong> adapté aux assemblages en T, aux cloisons ou séparations centrales et au maintien à 90° lorsqu’un côté du panneau doit rester accessible.</p>
<p><strong>Applications :</strong> montage de caissons de cuisine, armoires, dressings, bibliothèques, tiroirs, cadres et autres structures en panneaux de bois. La pince peut être utilisée pour maintenir les pièces pendant le vissage, le perçage ou le collage ; elle ne remplace pas les vis, la colle ou les éléments de fixation.</p>
<p><strong>Avantages :</strong> positionnement rapide, maintien stable, angle de 90° plus facile à respecter, travail plus propre et assemblages plus réguliers. Son format compact est pratique en atelier ou sur chantier.</p>
<p><strong>Conseil d’utilisation :</strong> choisir le modèle adapté à la forme de l’assemblage, placer les panneaux contre les surfaces de référence, régler la pression sans écraser les chants, puis vérifier l’équerre avant la fixation définitive. Protéger les surfaces fragiles si nécessaire.</p>
<hr>
<h3>التفاصيل بالعربية</h3>
<div dir=""rtl"" lang=""ar"">
<p><strong>ملزمة تجميع بزاوية 90 درجة للألواح، بموديل ذي طرف مغلق وموديل ذي طرف مفتوح</strong>، مخصصة لتثبيت ومحاذاة لوحين بزاوية قائمة أثناء تجميع الأثاث والخزائن وغرف الملابس والرفوف والإطارات.</p>
<p>تساعد الأداة على إبقاء القطع في وضع قائم ومتعامد قبل التثبيت بالبراغي أو الحفر أو اللصق. ويمكن ضبطها لتثبيت ألواح بسماكات مختلفة، مع ضرورة احترام قدرة الموديل الفعلية.</p>
<p><strong>الموديل ذو الطرف المغلق:</strong> مناسب للتجميع على شكل حرف L والزوايا المغلقة بزاوية 90 درجة، حيث يثبت اللوحين عند الزاوية الخارجية أثناء التركيب والتثبيت.</p>
<p><strong>الموديل ذو الطرف المفتوح:</strong> مناسب للتجميع على شكل حرف T والقواطع أو الفواصل الوسطية، وللتثبيت بزاوية 90 درجة عندما يجب أن يبقى أحد جانبي اللوح متاحاً.</p>
<p><strong>مجالات الاستعمال:</strong> تركيب خزائن المطابخ والدواليب وغرف الملابس والمكتبات والأدراج والإطارات والهياكل المصنوعة من الألواح الخشبية. يمكن استعمالها لتثبيت القطع أثناء الربط بالبراغي أو الحفر أو اللصق، لكنها لا تعوض البراغي أو الغراء أو عناصر التثبيت.</p>
<p><strong>المزايا:</strong> تحديد سريع، تثبيت مستقر، سهولة احترام زاوية 90 درجة، عمل أنظف وتجميع أكثر انتظاماً. حجمها الصغير مناسب للورشة أو موقع العمل.</p>
<p><strong>نصيحة الاستعمال:</strong> اختر الموديل المناسب لشكل التجميع، ضع الألواح على أسطح الإسناد، اضبط الضغط من دون سحق الحواف، ثم تحقق من الزاوية قبل التثبيت النهائي. احمِ الأسطح الحساسة عند الحاجة.</p>
</div></div>";;;https://cdn.converty.shop/images/40837dadb438414cd8eb43f4acdcb7296c4315b9d9d778289bd71e62210e8406_lg.webp
Pince de fixation et d’alignement pour façades de tiroirs;GABARIT-PERCAGE-CHARNIERE;Accessoires utiles;65.000;50.000;10;"<div class=""ck-content""><h2>Pince de fixation et d’alignement pour façades de tiroirs</h2>
<p>Pince de maintien conçue pour aider les menuisiers, artisans et bricoleurs à positionner et fixer correctement les façades de tiroirs sur les meubles et les caissons.</p>
<p>La pince maintient la façade en place pendant le réglage et le vissage. Elle aide à contrôler les jeux, l’alignement et le positionnement avant la fixation définitive, pour obtenir un montage plus régulier et plus précis.</p>
<p><strong>Applications :</strong> installation, remplacement et réparation de façades de tiroirs sur meubles, caissons de cuisine, dressing et rangements. Elle peut être utilisée pour maintenir la façade pendant la vérification de l’alignement, y compris lorsque le tiroir est en place.</p>
<p><strong>Avantages :</strong> maintien stable, réglage plus facile, meilleure répétabilité des jeux et travail plus confortable avec une seule personne. Les mors et la vis de serrage permettent d’adapter la pince à la configuration de la façade et à l’épaisseur du panneau.</p>
<p><strong>Conseil :</strong> vérifier l’épaisseur et la largeur du panneau avant utilisation, protéger les surfaces fragiles si nécessaire et contrôler l’alignement avant de visser définitivement.</p>
<hr>
<h3>التفاصيل بالعربية</h3>
<div dir=""rtl"" lang=""ar"">
<p><strong>ملقط تثبيت ومحاذاة واجهات الأدراج</strong>، مناسب للنجارين والحرفيين وأصحاب الورش لتحديد مكان واجهة الدرج وتثبيتها على الأثاث والخزائن.</p>
<p>يحافظ الملقط على الواجهة في مكانها أثناء الضبط والتثبيت بالبراغي. ويساعد على مراقبة الفواصل والمحاذاة والموضع قبل التثبيت النهائي للحصول على نتيجة أكثر انتظاماً ودقة.</p>
<p><strong>مجالات الاستعمال:</strong> تركيب أو استبدال أو إصلاح واجهات الأدراج في الأثاث وخزائن المطابخ وغرف الملابس ووحدات التخزين. يمكن استعماله لتثبيت الواجهة أثناء التأكد من المحاذاة حتى عندما يكون الدرج داخل الخزانة.</p>
<p><strong>المزايا:</strong> تثبيت مستقر، ضبط أسهل، فواصل أكثر انتظاماً وعمل أكثر راحة لشخص واحد. تساعد فكوك الملقط وبرغي الشد على تكييفه مع شكل الواجهة وسماكة اللوح.</p>
<p><strong>نصيحة:</strong> تحقق من سماكة وعرض اللوح قبل الاستعمال، واحمِ الأسطح الحساسة عند الحاجة، وتأكد من المحاذاة قبل تثبيت الواجهة نهائياً.</p>
</div></div>";;;https://cdn.converty.shop/images/c91e8f5ee269bd4c01bf7e2a51896af1c0fb6fa24f7b07df4f8941a82763bb3d_lg.webp
Coupe-bande de chant manuel pour panneaux;COUPE-CHANT-MANUEL;Accessoires utiles;75.000;50.000;10;"<div class=""ck-content""><h2>Coupe-bande de chant manuel pour panneaux</h2>
<p>Outil pratique pour les menuisiers, artisans et professionnels de l’aménagement. Il permet de couper et d’affleurer l’excédent des bandes de chant après leur pose sur les panneaux, meubles, portes et éléments de dressing.</p>
<p>Sa forme compacte facilite la prise en main et le travail de finition sur les chants. Il peut être utilisé, selon la lame, le réglage et la matière, pour des bandes de chant en PVC, ABS, mélamine, acrylique ou bois/placage.</p>
<p><strong>Utilisation :</strong> positionner l’outil sur le chant, régler la lame et effectuer la coupe progressivement. Vérifier la matière et l’épaisseur de la bande avant utilisation.</p>
<p><strong>Conseil de sécurité :</strong> les lames sont coupantes. Utiliser l’outil avec précaution et porter des équipements de protection appropriés.</p>
<hr>
<h3>التفاصيل بالعربية</h3>
<div dir=""rtl"" lang=""ar"">
<p><strong>قاطع يدوي لتشذيب حواف الألواح</strong>، مناسب للنجارين والحرفيين والمهنيين في مجال تجهيز الأثاث.</p>
<p>يُستعمل لقص وتشذيب الجزء الزائد من شرائط الحواف بعد تركيبها على الألواح والأثاث والأبواب وتجهيزات غرف الملابس.</p>
<p>تصميمه المدمج يساعد على التحكم أثناء تشطيب الحواف. ويمكن استعماله، حسب نوع الشفرة وضبط الأداة ونوع المادة، مع شرائط حواف من PVC أو ABS أو الميلامين أو الأكريليك أو الخشب والقشرة.</p>
<p><strong>طريقة الاستعمال:</strong> ضع الأداة على حافة اللوح، اضبط الشفرة، ثم قم بالقص تدريجياً. يجب التأكد من نوع وسماكة شريط الحافة قبل الاستعمال.</p>
<p><strong>تنبيه:</strong> الشفرات حادة. يُرجى استعمال الأداة بحذر وارتداء وسائل الحماية المناسبة.</p>
</div></div>";;;https://cdn.converty.shop/images/cc148ef94a2ce43708b7d7c132c92106e5b18499dd660ac66500504f8ecb1103_lg.webp
Colle thermofusible Henkel Technomelt pour plaqueuse de chants;HENKEL-TECHNOMELT-CHANTS;Plaqueuse de chants et colle;300.000;;1;"<div class=""ck-content""><p>Colle thermofusible Henkel Technomelt pour plaqueuse de chants</p><p>&nbsp;</p><p>Colle thermofusible en granulés destinée au collage de chants sur panneaux à base de bois avec une plaqueuse de chants. Selon la référence et les réglages de la machine, elle peut être utilisée avec des chants en PVC, ABS, mélaminé et placage. La gamme TECHNOMELT de Henkel est conçue pour une application propre et un joint régulier.</p><p>&nbsp;</p><p>Avant utilisation, vérifier sur l’emballage et la fiche technique de la référence la compatibilité avec le matériau, la température de travail et la vitesse d’avance de la machine. Le visuel principal présente un sac de colle Henkel Technomelt ; les autres visuels illustrent la gamme Henkel Technomelt et son application sur plaqueuse de chants.</p><p>&nbsp;</p><p>لاصق حراري منصهر Henkel Technomelt لآلة تلصيق الحواف</p><p>&nbsp;</p><p>لاصق حراري منصهر على شكل حبيبات مخصص لتلصيق الحواف على الألواح الخشبية باستعمال آلة تلصيق الحواف. حسب المرجع وإعدادات الآلة، يمكن استعماله مع حواف PVC وABS والميلامين والقشرة الخشبية. صُممت مجموعة TECHNOMELT من Henkel لتطبيق نظيف والحصول على وصلة منتظمة.</p><p>&nbsp;</p><p>قبل الاستعمال، يرجى التحقق من العبوة والنشرة الفنية للمرجع من توافقه مع مادة الحافة، ودرجة حرارة التشغيل، وسرعة تقدم الآلة. يعرض المرئي الرئيسي كيس غراء Henkel Technomelt، بينما توضح الصور الأخرى مجموعة Henkel Technomelt وطريقة استعمالها على آلة تلصيق الحواف.</p></div>";;;https://cdn.converty.shop/images/102fd293e2701a71e58f023e588943812882707bdaa9f439e2300a68f2e5952e_lg.webp
Pack de 6 crayons de cire pour réparation de meubles et panneaux;PACK-6-CRAYONS-CIRE-MEUBLES;Accessoires utiles;65.000;45.000;5;"<div class=""ck-content""><h2>Pack de 6 crayons de cire pour réparation de meubles et panneaux</h2>
<p>Kit de crayons de cire colorés conçu pour retoucher rapidement les rayures, éraflures, petits trous, fissures et éclats sur les surfaces en bois et les panneaux décoratifs.</p>
<p>Les six teintes permettent de choisir la couleur la plus proche du meuble ou de mélanger plusieurs nuances pour obtenir une retouche plus discrète. Le kit convient aux meubles, portes, armoires, tables, plans de travail, parquets, panneaux MDF, mélaminés et surfaces stratifiées compatibles.</p>
<p><strong>Pour une rayure légère :</strong> nettoyer et sécher la zone, puis frotter le crayon directement dans le sens du défaut. Retirer l’excédent avec un chiffon doux ou une spatule adaptée.</p>
<p><strong>Pour un trou ou un éclat plus profond :</strong> ramollir ou faire fondre une petite quantité de cire avec une source de chaleur adaptée, remplir progressivement le défaut, laisser la cire se solidifier, puis racler délicatement l’excédent avec une carte plastique ou un racloir non tranchant.</p>
<p><strong>Résultat :</strong> la cire colore et comble visuellement le défaut pour rendre la surface plus uniforme. La teinte finale dépend de la couleur choisie, de la texture du panneau et de la finition existante. Toujours effectuer un essai sur une zone discrète.</p>
<p><strong>Contenu :</strong> pack de 6 crayons de cire de réparation, dans plusieurs teintes de bois. Les couleurs peuvent varier légèrement selon la série et l’écran.</p>
<p><strong>Attention :</strong> ce produit est destiné aux retouches et au remplissage de petits défauts ; il ne remplace pas une réparation structurelle d’un panneau cassé. Ne pas chauffer la cire directement dans la main et tenir la source de chaleur éloignée des surfaces inflammables.</p>
<hr>
<h3>التفاصيل بالعربية</h3>
<div dir=""rtl"" lang=""ar"">
<p><strong>علبة من 6 أقلام شمع لإصلاح الأثاث والألواح الخشبية</strong>، مخصصة لإخفاء الخدوش والاحتكاكات والثقوب الصغيرة والتشققات والحواف المتضررة على الأسطح الخشبية والديكورية.</p>
<p>تحتوي العلبة على ستة ألوان تساعد على اختيار اللون الأقرب إلى لون الأثاث أو خلط أكثر من درجة للحصول على إصلاح أقل ظهوراً. تناسب الأثاث والأبواب والخزائن والطاولات وأسطح العمل والأرضيات وألواح MDF والميلامين والألواح الملبسة المتوافقة.</p>
<p><strong>للخدوش الخفيفة:</strong> نظّف المنطقة وجففها، ثم مرّر قلم الشمع مباشرة داخل الخدش وباتجاهه. أزل الزائد بقطعة قماش ناعمة أو ملعقة مناسبة.</p>
<p><strong>للثقوب أو الأجزاء المتكسرة الأعمق:</strong> ليّن أو أذب كمية صغيرة من الشمع باستعمال مصدر حرارة مناسب، ثم املأ العيب تدريجياً واترك الشمع يتماسك. بعد ذلك أزل الزائد بلطف باستعمال بطاقة بلاستيكية أو مكشطة غير حادة.</p>
<p><strong>النتيجة:</strong> يملأ الشمع العيب بصرياً ويجعل السطح أكثر تجانساً. تعتمد النتيجة على اللون المختار وملمس اللوح والطبقة النهائية، لذلك يُنصح دائماً بتجربة اللون في مكان غير ظاهر.</p>
<p><strong>المحتوى:</strong> علبة تحتوي على 6 أقلام شمع للإصلاح بدرجات مختلفة من ألوان الخشب. قد تختلف الألوان قليلاً حسب الدفعة والشاشة.</p>
<p><strong>تنبيه:</strong> هذا المنتج مخصص للرتوش وملء العيوب الصغيرة ولا يعوّض إصلاحاً هيكلياً للوح المكسور. لا تسخّن الشمع مباشرة في اليد وأبعد مصدر الحرارة عن المواد القابلة للاشتعال.</p>
</div></div>";;;https://cdn.converty.shop/images/a544755dbc452e471fc1a513826cb51789244402db569be140d4da5cd2c10500_lg.webp
Colle thermofusible APEL pour plaqueuse de chants — BK 539 / BK 511;APEL-HOTMELT-BK539-BK511;Plaqueuse de chants et colle;295.000;;11;"<div class=""ck-content""><p>Colle thermofusible APEL pour plaqueuse de chants — BK 539 / BK 511</p><p>&nbsp;</p><p>Colle thermofusible APEL pour le placage de chants en atelier. Deux options sont disponibles :</p><p>&nbsp;</p><p>• BK 539 : adaptée aux plaqueuses de chants à vitesse faible à moyenne et aux chants en PVC, mélaminé, bois et ABS. Formulation granulée pour application manuelle ou semi-automatique selon l’équipement.</p><p>&nbsp;</p><p>• BK 511 : adhésif EVA pour plaqueuses de chants droites et lignes rapides. La colle est blanc laiteux à l’application puis devient transparente. Compatible avec les chants PVC, acrylique, mélaminé, stratifié, ABS et bois massif. Température de travail indicative : 170–190 °C selon la machine.</p><p>&nbsp;</p><p>Choisir la référence correspondant à votre machine et au matériau de chant. Utiliser le produit selon les recommandations du fabricant.</p><p>&nbsp;</p><p>لاصق حراري منصهر APEL لآلة تلصيق الحواف — BK 539 / BK 511</p><p>&nbsp;</p><p>لاصق حراري منصهر من APEL مخصص لتلصيق حواف الألواح في الورشة. يتوفر بخيارين:</p><p>&nbsp;</p><p>• BK 539: مناسب لآلات تلصيق الحواف ذات السرعة المنخفضة إلى المتوسطة، ولحواف PVC والميلامين والخشب وABS. تركيبة حبيبية للاستعمال اليدوي أو شبه الآلي حسب التجهيزات.</p><p>&nbsp;</p><p>• BK 511: لاصق EVA مخصص لآلات تلصيق الحواف المستقيمة وخطوط الإنتاج السريعة. يكون أبيض حليبياً أثناء التطبيق ثم يصبح شفافاً. مناسب لحواف PVC والأكريليك والميلامين واللامينيت وABS والخشب الصلب. درجة حرارة التشغيل الإرشادية: 170–190 °م حسب الآلة.</p><p>&nbsp;</p><p>اختر المرجع المناسب لآلتك ولمادة الحافة، واستعمل المنتج وفق توصيات الشركة المصنّعة.</p></div>";;;https://cdn.converty.shop/images/025b13805595dc2fc102c7c6ac5c2ff473751ed461704dae15a93635e71871a8_lg.webp
Plaqueuse de chants ZICAR MF3000 — 4 opérations pour panneaux et MDF — 220 V, 1200 W;ZICAR-MF3000;Plaqueuse de chants et colle;3500.000;;0;"<h2>Plaqueuse de chants ZICAR MF3000 — 4 opérations</h2>
<p><strong>Référence :</strong> ZICAR MF3000.</p>
<p>Plaqueuse de chants de table destinée au travail des panneaux et du MDF. La machine regroupe quatre opérations : <strong>collage, coupe, arasage et nettoyage/polissage</strong>. Elle convient aux chants droits ou courbes lorsque le chant, le panneau et les réglages utilisés sont compatibles.</p>
<p><strong>Caractéristiques visibles et recoupées :</strong> alimentation 220 V / 50–60 Hz, puissance totale 1200 W, largeur de chant indiquée 7–60 mm, épaisseur de panneau indiquée 10–60 mm, vitesse d’avance réglable de 0 à 6 m/min, température de chauffe réglable de 120 à 200 °C, capacité du bac de colle 1000 ml, temps de chauffe annoncé de 5 à 8 minutes, poids net annoncé 46 kg et dimensions indiquées 1070 × 490 × 490 mm.</p>
<p><strong>Fonctions :</strong> collage du chant, coupe en bout, arasage et nettoyage/polissage pour obtenir une finition propre sur les panneaux de menuiserie. Les réglages doivent être adaptés au type de chant, à l’épaisseur du panneau et à la colle utilisée.</p>
<p><strong>Important :</strong> les caractéristiques sont indiquées d’après les visuels fournis et le recoupement de la configuration 1200 W. Vérifier la notice, la tension, la colle, la température, la vitesse et les réglages avant utilisation. Produit actuellement affiché avec un stock de 0 pièce.</p>
<hr><h3>التفاصيل بالعربية</h3><div dir=""rtl"" lang=""ar""><p><strong>ماكينة تلبيس الحواف ZICAR MF3000 — أربع عمليات</strong></p><p><strong>المرجع:</strong> ZICAR MF3000.</p><p>ماكينة مكتبية لتلبيس حواف الألواح وMDF. تجمع أربعة أعمال: <strong>اللصق والقص والتشذيب والتنظيف/التلميع</strong>. يمكن استعمالها مع الحواف المستقيمة أو المنحنية عندما تكون الحافة واللوح والإعدادات متوافقة.</p><p><strong>المواصفات الظاهرة والمقارنة:</strong> تغذية 220 فولت / 50–60 هرتز، قدرة إجمالية 1200 واط، عرض الحافة الموضح 7–60 مم، سمك اللوح الموضح 10–60 مم، سرعة تغذية قابلة للضبط من 0 إلى 6 م/دقيقة، درجة تسخين قابلة للضبط من 120 إلى 200 درجة مئوية، سعة حوض الغراء 1000 مل، مدة التسخين المعلنة من 5 إلى 8 دقائق، وزن صافٍ معلن 46 كغ، وأبعاد موضحة 1070 × 490 × 490 مم.</p><p><strong>الوظائف:</strong> لصق الحافة، القص من الطرف، تشذيب الحافة والتنظيف/التلميع للحصول على تشطيب نظيف لألواح النجارة. يجب ضبط الإعدادات حسب نوع الحافة وسمك اللوح والغراء المستعمل.</p><p><strong>تنبيه:</strong> تم أخذ المواصفات من الصور المقدمة ومن مقارنة إعداد 1200 واط. يجب التأكد من الدليل والجهد والغراء ودرجة الحرارة والسرعة والإعدادات قبل الاستعمال. المنتج معروض حالياً بمخزون قدره صفر.</p></div>";;;https://cdn.converty.shop/images/cb2353ffab6669d17a901792da301304a2dd19ea5233331d5c15f85cbee7b2eb_lg.webp
Plaqueuse de chants automatique compacte à bac de colle — encollage et coupe;PLAQUEUSE-AUTOMATIQUE-COMPACTE-BAC-COLLE;Plaqueuse de chants et colle;1850.000;1500.000;0;"<h2>Plaqueuse de chants automatique compacte à bac de colle — encollage, pression et coupe</h2>
<p>Machine compacte destinée au placage de chants sur les panneaux de mobilier et de menuiserie. Elle permet d’alimenter le chant, d’appliquer la colle, de presser la bande contre le panneau et de réaliser la coupe ou la finition selon la configuration de la machine.</p>
<p>Les visuels montrent un dispositif d’encollage, des rouleaux de pression, un dispositif de coupe, un réglage de largeur, un plateau rotatif, une table d’extension, une commande de température et une pédale de commande. Cette configuration convient aux menuisiers, fabricants de meubles et ateliers qui recherchent une solution compacte pour le travail des chants.</p>
<p><strong>Dimensions indiquées sur les schémas fournis :</strong> environ 97 cm de longueur totale, 50 cm pour la machine, 86 cm de profondeur ou d’extension indiquée, 39 cm de hauteur de table et un plateau rotatif d’environ 41 cm. Ces mesures sont indicatives et doivent être contrôlées sur la machine réelle avant l’installation.</p>
<p>La machine est conçue pour travailler avec des bandes de chant adaptées au panneau et au type de colle utilisé. Avant la mise en service, vérifier la tension électrique, la puissance, la température de collage, la largeur et l’épaisseur admissibles du chant, le type de colle thermofusible compatible et le contenu exact des accessoires.</p>
<p><strong>Sécurité :</strong> installer la machine sur une surface stable, utiliser les rouleaux et dispositifs de protection, garder les mains éloignées des zones de coupe et des parties chaudes, porter des lunettes de protection et débrancher la machine avant tout réglage ou entretien.</p>
<p><strong>Disponibilité :</strong> ce produit est actuellement affiché avec un stock de 0 unité. Il est visible dans la boutique mais ne peut pas être commandé tant que le stock n’est pas réapprovisionné.</p>
<hr><h3>التفاصيل بالعربية</h3><div dir=""rtl"" lang=""ar""><p><strong>ماكينة تلصيق حواف أوتوماتيكية مدمجة مع حوض غراء — تلصيق وضغط وقص الحواف</strong>، ماكينة مخصصة لتركيب شرائط الحواف على ألواح الأثاث والنجارة. تسمح بتغذية شريط الحافة ووضع الغراء وضغط الشريط على اللوح وإنجاز القص أو التشطيب حسب إعداد الماكينة.</p><p>تظهر الصور جهاز وضع الغراء، وبكرات الضغط، وجهاز القص، وضبط العرض، وصينية دوارة، وطاولة تمديد، ووحدة للتحكم في الحرارة ودواسة تشغيل. تناسب هذه configuration النجارين وصانعي الأثاث والورش التي تحتاج إلى حل مدمج لتلصيق حواف الألواح.</p><p><strong>الأبعاد المكتوبة في المخططات المرفقة:</strong> حوالي 97 سم للطول الإجمالي، و50 سم للماكينة، و86 سم للعمق أو الامتداد الموضح، و39 سم لارتفاع الطاولة، وصينية دوارة بحوالي 41 سم. هذه القياسات تقريبية ويجب التأكد منها على الماكينة الحقيقية قبل التركيب.</p><p>صممت الماكينة للعمل مع شرائط حواف مناسبة للوح ونوع الغراء المستعمل. قبل التشغيل، يجب التأكد من الجهد والقدرة ودرجة حرارة الغراء وعرض وسماكة شريط الحافة ونوع الغراء الحراري المتوافق ومحتوى الملحقات.</p><p><strong>السلامة:</strong> ثبّت الماكينة على سطح مستقر، واستعمل بكرات وأجهزة الحماية، وأبعد اليدين عن مناطق القص والأجزاء الساخنة، وارتدِ نظارات واقية وافصل الكهرباء قبل أي تعديل أو صيانة.</p><p><strong>التوفر:</strong> يظهر هذا المنتج حالياً بمخزون قدره 0 وحدة. يبقى ظاهراً في المتجر لكنه غير قابل للطلب إلى حين تجديد المخزون.</p></div>";;;https://cdn.converty.shop/images/9a2043373adb15f1149ce5fae0e50aea6275a6eaf8549e15f48976bc1d40888e_lg.webp
Table de sciage coulissante multifonctionnelle WJ160A pour menuiserie;TABLE-SCIAGE-WJ160A-MULTIFONCTION;Plaqueuse de chants et colle;7500.000;6000.000;1;"<div class=""ck-content""><h2>Table de sciage coulissante multifonctionnelle WJ160A pour menuiserie</h2>
<p>Station de travail multifonctionnelle destinée aux ateliers de menuiserie et aux artisans qui travaillent les panneaux et les pièces en bois. Sa conception comprend une table de sciage coulissante avec chariot de poussée, des rallonges, une règle télescopique, un presseur, des supports réglables et des roulettes pour faciliter le déplacement et la mise à niveau de l’ensemble.</p>
<p>Les visuels montrent également des emplacements ou ouvertures prévus pour intégrer des équipements complémentaires de menuiserie, notamment une machine de sciage, une plaqueuse de chants et une défonceuse selon la configuration choisie. La table peut ainsi servir de base d’organisation pour plusieurs opérations de débit, de guidage et de finition des panneaux.</p>
<p><strong>Fonctions visibles :</strong> sciage sur table coulissante, guidage et poussée du panneau, rallonges latérales, règle de mesure, presseur, supports sur roulettes, pieds réglables et structure pliable ou démontable selon le montage. Une fiche du modèle WJ160A annonce une puissance de 2 600 W et une profondeur de coupe de 50 mm ; ces données doivent impérativement être vérifiées sur la plaque signalétique et la notice de l’unité vendue avant utilisation.</p>
<p>La machine convient aux travaux de menuiserie, d’agencement et de préparation de panneaux, sous réserve de respecter la compatibilité des accessoires installés. Avant la mise en service, contrôler la tension électrique, la puissance, le diamètre et la vitesse de la lame, la profondeur de coupe, la fixation des extensions et le bon verrouillage des guides.</p>
<p><strong>Sécurité :</strong> fixer la machine sur une surface stable, utiliser les protections de lame et le presseur, maintenir les mains à distance de la zone de coupe, porter des lunettes et une protection auditive, et débrancher la machine avant tout réglage ou changement d’accessoire. Le contenu exact des modules et accessoires doit être vérifié avant la commande.</p>
<hr>
<h3>التفاصيل بالعربية</h3>
<div dir=""rtl"" lang=""ar"">
<p><strong>طاولة منشار منزلقة متعددة الوظائف WJ160A للنجارة</strong>، محطة عمل متعددة الوظائف مخصصة لورش النجارة والحرفيين الذين يعملون على ألواح الخشب وقطع الأثاث. تحتوي على طاولة منشار منزلقة مع عربة دفع، وامتدادات جانبية، ومسطرة تلسكوبية، وضاغط، ودعامات قابلة للضبط وعجلات لتسهيل الحركة وتسوية الطاولة.</p>
<p>تظهر الصور أيضاً أماكن أو فتحات مخصصة لتركيب معدات إضافية للنجارة، مثل آلة النشر، وماكينة تلصيق الحواف، وجهاز الفريزة، حسب الإعداد المختار. يمكن استعمال الطاولة كقاعدة لتنظيم عمليات تقطيع الألواح وتوجيهها وتشطيبها.</p>
<p><strong>الوظائف الظاهرة:</strong> النشر على طاولة منزلقة، توجيه ودفع اللوح، امتدادات جانبية، مسطرة قياس، ضاغط، دعامات بعجلات، أرجل قابلة للتعديل وهيكل قابل للطي أو الفك حسب طريقة التركيب. تذكر إحدى fiches الخاصة بنموذج WJ160A قدرة 2600 واط وعمق قطع 50 مم، ولكن يجب التأكد من هذه البيانات من لوحة البيانات ودليل استعمال الوحدة المباعة قبل التشغيل.</p>
<p>تناسب الماكينة أعمال النجارة والتجهيز وتحضير الألواح، مع ضرورة احترام توافق الملحقات المركبة. قبل التشغيل، تحقق من الجهد والقدرة وقطر وسرعة الشفرة وعمق القطع وتثبيت الامتدادات وقفل الأدلة بشكل صحيح.</p>
<p><strong>السلامة:</strong> ثبّت الماكينة على سطح مستقر، واستعمل واقيات الشفرة والضاغط، وأبعد اليدين عن منطقة القطع، وارتدِ نظارات واقية ووسيلة حماية للسمع، وافصل الكهرباء قبل أي تعديل أو تغيير للملحقات. يجب التأكد من محتوى الوحدات والملحقات قبل الطلب.</p>
</div></div>";;;https://cdn.converty.shop/images/46d026ec4d040c7109f07856a12e5aece5e1af182fd3425b589dbbfa4f5f54f8_lg.webp
Plaqueuse de chants portable à bac de colle — machine d’encollage pour panneaux;PLAQUEUSE-CHANTS-PORTABLE-BAC-COLLE;Plaqueuse de chants et colle;1250.000;1050.000;1;"<h2>Plaqueuse de chants portable à bac de colle — machine d’encollage pour panneaux</h2>
<p>Machine compacte de placage de chants conçue pour appliquer de la colle et poser des bandes de chant sur les panneaux de mobilier et de menuiserie. Elle convient aux ateliers, menuisiers et artisans qui souhaitent plaquer les chants de panneaux MDF, mélaminés, agglomérés et matériaux similaires avec une machine plus compacte qu’une plaqueuse industrielle.</p>
<p>La machine est équipée d’un bac de colle chauffant, d’un système d’avance du chant, de rouleaux de pression et de réglages permettant d’adapter le travail au panneau et à la bande utilisée. Les images montrent également un plateau de travail, une commande de température, une poignée de maintien et des accessoires de réglage et de finition.</p>
<p><strong>Caractéristiques visibles :</strong> dimensions indicatives d’environ 36 × 40 × 37 cm, bac de colle, rouleaux de guidage et de pression, plateau de travail, commande numérique et accessoires de finition. Les dimensions, la puissance, la tension d’alimentation, la plage d’épaisseur du chant et le type de colle compatible doivent être confirmés sur la plaque signalétique et la notice de la machine avant utilisation.</p>
<p>Elle peut être utilisée pour le placage de chants droits sur des panneaux de meubles, portes, étagères et éléments d’agencement. Toujours faire un essai sur une chute de panneau, régler la température et la vitesse selon la colle et le matériau, maintenir les mains éloignées des pièces chaudes et porter les équipements de protection nécessaires.</p>
<p><strong>Important :</strong> la machine est vendue comme une unité complète selon le contenu visible et disponible. Vérifier le contenu des accessoires, la tension électrique locale, le type de colle accepté et les réglages de chant avant la mise en service.</p>
<hr><h3>التفاصيل بالعربية</h3><div dir=""rtl"" lang=""ar""><p><strong>ماكينة تلصيق حواف محمولة مع حوض غراء — لتلصيق حواف الألواح</strong>، ماكينة مدمجة مخصصة لوضع الغراء وتركيب شرائط الحواف على ألواح الأثاث والنجارة. تناسب الورش والنجارين والحرفيين الذين يريدون تلصيق حواف ألواح MDF والميلامين والخشب المضغوط والمواد المشابهة باستعمال ماكينة مدمجة مقارنة بالماكينات الصناعية الكبيرة.</p><p>تحتوي الماكينة على حوض غراء ساخن، ونظام لتقدم شريط الحافة، وبكرات ضغط، وإعدادات تساعد على تكييف العمل مع اللوح والشريط المستعمل. تظهر الصور أيضاً طاولة عمل، ووحدة تحكم في الحرارة، ومقبضاً للتثبيت، وملحقات للضبط والتشطيب.</p><p><strong>المواصفات الظاهرة:</strong> أبعاد تقريبية 36 × 40 × 37 سم، حوض غراء، بكرات توجيه وضغط، طاولة عمل، شاشة أو وحدة تحكم رقمية وملحقات للتشطيب. يجب التأكد من الأبعاد والقدرة الكهربائية والجهد وسماكة شريط الحافة ونوع الغراء المتوافق من لوحة البيانات ودليل الاستعمال قبل التشغيل.</p><p>يمكن استعمالها لتلصيق الحواف المستقيمة على ألواح الأثاث والأبواب والرفوف وعناصر التجهيز. يجب تجربة الماكينة أولاً على قطعة غير ظاهرة، وضبط الحرارة والسرعة حسب نوع الغراء والمادة، وإبعاد اليدين عن الأجزاء الساخنة واستعمال وسائل الحماية اللازمة.</p><p><strong>مهم:</strong> تباع الماكينة كوحدة واحدة حسب المحتوى الظاهر والمتوفر. يجب التأكد من الملحقات والجهد الكهربائي المحلي ونوع الغراء المقبول وإعدادات الحواف قبل التشغيل.</p></div>";;;https://cdn.converty.shop/images/358c6c7d6d4c8c976dd8d4641218f294bfedaca707f0612e7af188b45a0d1d3c_lg.webp
Fraise à percer CMT Orange Tools — 309.060.12 LH;CMT-309-060-12;Multibroche CMT;67.500;;0;"<div class=""ck-content""><p>Fraise à percer CMT Orange Tools — 309.060.12 LH</p><p>&nbsp;</p><p>DESCRIPTION — FRANÇAIS</p><p>Fraise de perçage professionnelle pour travaux de menuiserie et perçage précis dans le bois et les panneaux. Cette version LH est prévue pour une rotation à gauche.</p><p>&nbsp;</p><p>Caractéristiques techniques : référence 309.060.12 ; rotation gauche LH ; diamètre de coupe D : 6 mm ; hauteur de coupe I : 43 mm ; longueur totale L : 70 mm ; queue S : 10 × 20 mm.</p><p>&nbsp;</p><p>الوصف — العربية</p><p>ريشة حفر احترافية CMT Orange Tools — 309.060.12 LH</p><p>&nbsp;</p><p>ريشة مخصصة لأعمال النجارة والحفر الدقيق في الخشب والألواح. هذا النوع LH مخصص للدوران إلى اليسار.</p><p>&nbsp;</p><p>المواصفات التقنية: المرجع 309.060.12؛ دوران يساري LH؛ قطر القطع D: 6 مم؛ ارتفاع القطع I: 43 مم؛ الطول الإجمالي L: 70 مم؛ الساق S: 10 × 20 مم.</p><p>&nbsp;</p></div>";;;https://cdn.converty.shop/images/1a0fbc4c4b449f4973107ea79304910dc4acadcc29c3caa89f3f5ec1d8026ab1_lg.webp
Fraise à percer CMT Orange Tools — 309.060.11 RH;CMT-309-060-11;Multibroche CMT;67.500;;0;"<div class=""ck-content""><p>Fraise à percer CMT Orange Tools — 309.060.11 RH</p><p>&nbsp;</p><p>DESCRIPTION — FRANÇAIS</p><p>Fraise de perçage professionnelle pour travaux de menuiserie et perçage précis dans le bois et les panneaux. Cette version RH est prévue pour une rotation à droite.</p><p>&nbsp;</p><p>Caractéristiques techniques : référence 309.060.11 ; rotation droite RH ; diamètre de coupe D : 6 mm ; hauteur de coupe I : 43 mm ; longueur totale L : 70 mm ; queue S : 10 × 20 mm.</p><p>&nbsp;</p><p>الوصف — العربية</p><p>ريشة حفر احترافية CMT Orange Tools — 309.060.11 RH</p><p>&nbsp;</p><p>ريشة مخصصة لأعمال النجارة والحفر الدقيق في الخشب والألواح. هذا النوع RH مخصص للدوران إلى اليمين.</p><p>&nbsp;</p><p>المواصفات التقنية: المرجع 309.060.11؛ دوران يميني RH؛ قطر القطع D: 6 مم؛ ارتفاع القطع I: 43 مم؛ الطول الإجمالي L: 70 مم؛ الساق S: 10 × 20 مم.</p><p>&nbsp;</p></div>";;;https://cdn.converty.shop/images/1a0fbc4c4b449f4973107ea79304910dc4acadcc29c3caa89f3f5ec1d8026ab1_lg.webp
Fraise à percer CMT Orange Tools — 309.150.12 LH;CMT-309-150-12;Multibroche CMT;112.000;;1;"<div class=""ck-content""><p>Fraise à percer CMT Orange Tools — 309.150.12 LH</p><p>&nbsp;</p><p>DESCRIPTION — FRANÇAIS</p><p>Fraise de perçage professionnelle pour travaux de menuiserie et perçage précis dans le bois et les panneaux. Cette version LH est prévue pour une rotation à gauche.</p><p>&nbsp;</p><p>Caractéristiques techniques : référence 309.150.12 ; rotation gauche LH ; diamètre de coupe D : 15 mm ; hauteur de coupe I : 43 mm ; longueur totale L : 70 mm ; queue S : 10 × 20 mm.</p><p>&nbsp;</p><p>الوصف — العربية</p><p>ريشة حفر احترافية CMT Orange Tools — 309.150.12 LH</p><p>&nbsp;</p><p>ريشة مخصصة لأعمال النجارة والحفر الدقيق في الخشب والألواح. هذا النوع LH مخصص للدوران إلى اليسار.</p><p>&nbsp;</p><p>المواصفات التقنية: المرجع 309.150.12؛ دوران يساري LH؛ قطر القطع D: 15 مم؛ ارتفاع القطع I: 43 مم؛ الطول الإجمالي L: 70 مم؛ الساق S: 10 × 20 مم.</p><p>&nbsp;</p></div>";;;https://cdn.converty.shop/images/8bcb21eba6a32329958e7d9afeecc376fa34e57143245aee187c93d889e16504_lg.webp
Fraise à percer CMT Orange Tools — 309.150.11 RH;CMT-309-150-11;Multibroche CMT;112.500;;1;"<div class=""ck-content""><p>Fraise à percer CMT Orange Tools — 309.150.11 RH</p><p>&nbsp;</p><p>DESCRIPTION — FRANÇAIS</p><p>Fraise de perçage professionnelle pour travaux de menuiserie et perçage précis dans le bois et les panneaux. Cette version RH est prévue pour une rotation à droite.</p><p>&nbsp;</p><p>Caractéristiques techniques : référence 309.150.11 ; rotation droite RH ; diamètre de coupe D : 15 mm ; hauteur de coupe I : 43 mm ; longueur totale L : 70 mm ; queue S : 10 × 20 mm.</p><p>&nbsp;</p><p>الوصف — العربية</p><p>ريشة حفر احترافية CMT Orange Tools — 309.150.11 RH</p><p>&nbsp;</p><p>ريشة مخصصة لأعمال النجارة والحفر الدقيق في الخشب والألواح. هذا النوع RH مخصص للدوران إلى اليمين.</p><p>&nbsp;</p><p>المواصفات التقنية: المرجع 309.150.11؛ دوران يميني RH؛ قطر القطع D: 15 مم؛ ارتفاع القطع I: 43 مم؛ الطول الإجمالي L: 70 مم؛ الساق S: 10 × 20 مم.</p><p>&nbsp;</p></div>";;;https://cdn.converty.shop/images/f7269fd84db32fc3037beead41bc10c71812dd25e071cfa1e7eb554acaf4dd29_lg.webp
Fraise à percer CMT Orange Tools — 309.100.12 LH;CMT-309-100-12;Multibroche CMT;75.500;;1;"<div class=""ck-content""><p>Fraise à percer CMT Orange Tools — 309.100.12 LH</p><p>&nbsp;</p><p>DESCRIPTION — FRANÇAIS</p><p>Fraise de perçage professionnelle pour travaux de menuiserie et perçage précis dans le bois et les panneaux. Cette version LH est prévue pour une rotation à gauche.</p><p>&nbsp;</p><p>Caractéristiques techniques : référence 309.100.12 ; rotation gauche LH ; diamètre de coupe D : 10 mm ; hauteur de coupe I : 43 mm ; longueur totale L : 70 mm ; queue S : 10 × 20 mm.</p><p>&nbsp;</p><p>الوصف — العربية</p><p>ريشة حفر احترافية CMT Orange Tools — 309.100.12 LH</p><p>&nbsp;</p><p>ريشة مخصصة لأعمال النجارة والحفر الدقيق في الخشب والألواح. هذا النوع LH مخصص للدوران إلى اليسار.</p><p>&nbsp;</p><p>المواصفات التقنية: المرجع 309.100.12؛ دوران يساري LH؛ قطر القطع D: 10 مم؛ ارتفاع القطع I: 43 مم؛ الطول الإجمالي L: 70 مم؛ الساق S: 10 × 20 مم.</p><p>&nbsp;</p></div>";;;https://cdn.converty.shop/images/2bb3dd845af62e1b0307bcc357e6feb6989d16b358e52f1be4bc2ff02cb3cd34_lg.webp
Fraise à percer CMT Orange Tools — 309.100.11 RH;CMT-309-100-11;Multibroche CMT;76.800;;1;"<div class=""ck-content""><p>Fraise à percer CMT Orange Tools — 309.100.11 RH</p><p>&nbsp;</p><p>DESCRIPTION — FRANÇAIS</p><p>Fraise de perçage professionnelle pour travaux de menuiserie et perçage précis dans le bois et les panneaux. Cette version RH est prévue pour une rotation à droite.</p><p>&nbsp;</p><p>Caractéristiques techniques : référence 309.100.11 ; rotation droite RH ; diamètre de coupe D : 10 mm ; hauteur de coupe I : 43 mm ; longueur totale L : 70 mm ; queue S : 10 × 20 mm.</p><p>&nbsp;</p><p>الوصف — العربية</p><p>ريشة حفر احترافية CMT Orange Tools — 309.100.11 RH</p><p>&nbsp;</p><p>ريشة مخصصة لأعمال النجارة والحفر الدقيق في الخشب والألواح. هذا النوع RH مخصص للدوران إلى اليمين.</p><p>&nbsp;</p><p>المواصفات التقنية: المرجع 309.100.11؛ دوران يميني RH؛ قطر القطع D: 10 مم؛ ارتفاع القطع I: 43 مم؛ الطول الإجمالي L: 70 مم؛ الساق S: 10 × 20 مم.</p><p>&nbsp;</p></div>";;;https://cdn.converty.shop/images/f78b3cb808a3fc6c406de894cb8af77f209b7849bb36deea8b5d87256215e8a2_lg.webp
Fraise à percer CMT Orange Tools — 309.080.12 LH;CMT-309-080-12;Multibroche CMT;68.800;;1;"<div class=""ck-content""><p>Fraise à percer CMT Orange Tools — 309.080.12 LH</p><p>&nbsp;</p><p>DESCRIPTION — FRANÇAIS</p><p>Fraise de perçage professionnelle pour travaux de menuiserie et perçage précis dans le bois et les panneaux. Cette version LH est prévue pour une rotation à gauche.</p><p>&nbsp;</p><p>Caractéristiques techniques : référence 309.080.12 ; rotation gauche LH ; diamètre de coupe D : 8 mm ; hauteur de coupe I : 43 mm ; longueur totale L : 70 mm ; queue S : 10 × 20 mm.</p><p>&nbsp;</p><p>الوصف — العربية</p><p>ريشة حفر احترافية CMT Orange Tools — 309.080.12 LH</p><p>&nbsp;</p><p>ريشة مخصصة لأعمال النجارة والحفر الدقيق في الخشب والألواح. هذا النوع LH مخصص للدوران إلى اليسار.</p><p>&nbsp;</p><p>المواصفات التقنية: المرجع 309.080.12؛ دوران يساري LH؛ قطر القطع D: 8 مم؛ ارتفاع القطع I: 43 مم؛ الطول الإجمالي L: 70 مم؛ الساق S: 10 × 20 مم.</p><p>&nbsp;</p></div>";;;https://cdn.converty.shop/images/09b3928ab7792ef3144b2af5bc8147c17513474024445682e070a0a04f5e27c5_lg.webp
Fraise à percer CMT Orange Tools--309.080.11 — RH;CMT-309-080-11;Multibroche CMT;68.800;;1;"<div class=""ck-content""><p>Fraise à percer CMT Orange Tools — 309.080.11 RH</p><p>&nbsp;</p><p>DESCRIPTION — FRANÇAIS</p><p>Fraise de perçage professionnelle pour travaux de menuiserie et perçage précis dans le bois et les panneaux. Cette version RH est prévue pour une rotation à droite.</p><p>&nbsp;</p><p>Caractéristiques techniques : référence 309.080.11 ; rotation droite RH ; diamètre de coupe D : 8 mm ; hauteur de coupe I : 43 mm ; longueur totale L : 70 mm ; queue S : 10 × 20 mm.</p><p>&nbsp;</p><p>الوصف — العربية</p><p>ريشة حفر احترافية CMT Orange Tools — 309.080.11 RH</p><p>&nbsp;</p><p>ريشة مخصصة لأعمال النجارة والحفر الدقيق في الخشب والألواح. هذا النوع RH مخصص للدوران إلى اليمين.</p><p>&nbsp;</p><p>المواصفات التقنية: المرجع 309.080.11؛ دوران يميني RH؛ قطر القطع D: 8 مم؛ ارتفاع القطع I: 43 مم؛ الطول الإجمالي L: 70 مم؛ الساق S: 10 × 20 مم.</p><p>&nbsp;</p><p>&nbsp;</p></div>";;;https://cdn.converty.shop/images/7d64aeeb541a014b27e685e803b1b50353cdb22fa3872f5e7f81a59cc831689f_lg.webp
Fraise à percer pour charnières CMT 369.350.12--LH;CMT-369-350-12;Multibroche CMT;137.500;;1;"<div class=""ck-content""><p>Fraise à percer pour charnières CMT Orange Tools — 369.350.12</p><p>&nbsp;</p><p>DESCRIPTION — FRANÇAIS</p><p>Cette fraise industrielle est conçue pour réaliser des logements propres à fond plat destinés aux charnières invisibles de mobilier. Elle convient aux travaux de menuiserie et d’agencement lorsque la référence et le sens de rotation correspondent au montage utilisé.</p><p>&nbsp;</p><p>Caractéristiques techniques : référence 369.350.12 ; diamètre de coupe D : 35 mm ; longueur totale L : 70 mm ; queue S : diamètre 10 mm × longueur 26 mm ; rotation gauche LH / antihoraire ; géométrie Z2 avec 2 tranchants au carbure et 2 pointes négatives V2.</p><p>&nbsp;</p><p>الوصف — العربية</p><p>ريشة حفر مفصلات الأثاث CMT Orange Tools — 369.350.12</p><p>&nbsp;</p><p>صُممت هذه الريشة الصناعية لإنجاز تجاويف نظيفة ذات قاع مسطح للمفصلات المخفية المستعملة في الأثاث. وهي مناسبة لأعمال النجارة والتجهيز عندما يتوافق المرجع واتجاه الدوران مع طريقة التركيب.</p><p>&nbsp;</p><p>المواصفات التقنية: المرجع 369.350.12؛ قطر القطع D: 35 مم؛ الطول الإجمالي L: 70 مم؛ الساق S: قطر 10 مم × طول 26 مم؛ دوران يساري LH / عكس اتجاه عقارب الساعة؛ هندسة Z2 مع حافتَي قطع من الكربيد ونقطتين سلبيتين V2.</p><p>&nbsp;</p><p>&nbsp;</p></div>";;;https://cdn.converty.shop/images/952d7281f1f4bbd1998272fc7725c29121ee8f9315efeda5eb7a31c7ebc24996_lg.webp
Fraise à percer pour charnières CMT 369.350.11--RH;CMT-369-350-11;Multibroche CMT;137.500;;1;"<div class=""ck-content""><p>Fraise à percer pour charnières CMT Orange Tools — 369.350.11</p><p>&nbsp;</p><p>DESCRIPTION — FRANÇAIS</p><p>Cette fraise est destinée au perçage des logements de charnières invisibles dans les panneaux et éléments de mobilier. La référence CMT 369.350.11 correspond à un type de l’article 369.350. Les caractéristiques spécifiques de ce type, notamment le sens de rotation et les dimensions exactes, doivent être confirmées avant la commande.</p><p>&nbsp;</p><p>Caractéristiques techniques : référence 369.350.11 ; outil de perçage pour charnières ; autres dimensions et orientation à confirmer selon la référence fournie. Vérifiez la compatibilité avec votre machine et votre montage avant utilisation.</p><p>&nbsp;</p><p>الوصف — العربية</p><p>ريشة حفر لمفصلات الأثاث من CMT Orange Tools — 369.350.11</p><p>&nbsp;</p><p>تُستعمل هذه الريشة لحفر تجاويف مفصلات الأثاث المخفية في الألواح وقطع الأثاث. تنتمي CMT 369.350.11 إلى صنف 369.350. يجب تأكيد المواصفات الخاصة بهذا النوع، وخاصة اتجاه الدوران والأبعاد الدقيقة، قبل الطلب.</p><p>&nbsp;</p><p>المواصفات التقنية: المرجع 369.350.11؛ أداة حفر لمفصلات الأثاث؛ الأبعاد واتجاه الدوران الخاصان بهذا النوع قيد التأكيد حسب المرجع المقدم. يرجى التأكد من توافقها مع الآلة وطريقة التركيب قبل الاستعمال.</p><p>&nbsp;</p><p>&nbsp;</p></div>";;;https://cdn.converty.shop/images/fda91962d1496143a5b9bc4b190978fb846bf04ae47455a15f41c9a97926d784_lg.webp
CMT 911.060.11 — قطر الساق 8 مم — قطر القطع 6 مم — طول القطع الفعال 16 مم;CMT-911.060.11;CMT;73.000;;1;"<div class=""ck-content""><p>Fraise CMT Orange Tools 911.060.11 à coupes droites, conçue pour réaliser des rainures et des évidements précis dans le bois, le MDF et les panneaux dérivés du bois.</p><p>&nbsp;</p><p>CARACTÉRISTIQUES TECHNIQUES</p><p>&nbsp;</p><p>• Référence : CMT 911.060.11</p><p>• Type : fraise droite / Straight Bit</p><p>• Diamètre de queue S : 8 mm</p><p>• Diamètre de coupe D : 6 mm</p><p>• Longueur de coupe effective I : 16 mm</p><p>• Longueur totale L : 50 mm</p><p>• Rotation : droite (RH)</p><p>• Matière : carbure monobloc HWM</p><p>• Nombre de tranchants : 2 (Z2)</p><p>&nbsp;</p><p>UTILISATIONS</p><p>&nbsp;</p><p>Pour réaliser des rainures, des feuillures et des évidements réguliers dans le bois et les panneaux dérivés. Utiliser une défonceuse compatible avec une queue de 8 mm et respecter les conditions de coupe adaptées au matériau.</p><p>&nbsp;</p><p>فريزة CMT Orange Tools 911.060.11 ذات حافتَي قطع مستقيمتين، مخصصة لإنجاز الأخاديد والتجاويف الدقيقة في الخشب وMDF والألواح الخشبية.</p><p>&nbsp;</p><p>المواصفات التقنية</p><p>&nbsp;</p><p>• المرجع: CMT 911.060.11</p><p>• النوع: فريزة مستقيمة / Straight Bit</p><p>• قطر الساق S: 8 مم</p><p>• قطر القطع D: 6 مم</p><p>• طول القطع الفعال I: 16 مم</p><p>• الطول الإجمالي L: 50 مم</p><p>• اتجاه الدوران: يمين (RH)</p><p>• المادة: كربيد صلب HWM</p><p>• عدد حواف القطع: 2 (Z2)</p><p>&nbsp;</p><p>الاستخدامات</p><p>&nbsp;</p><p>لإنجاز الأخاديد والتجاويف المنتظمة في الخشب والألواح الخشبية. يجب استعمال جهاز تفريز متوافق مع ساق 8 مم واحترام شروط القطع المناسبة للمادة.</p></div>";;;https://cdn.converty.shop/images/78e43a679a90d270a7424a4147d3c632cc7c44b9c98bdd76679ff76a6de23dd1_lg.webp
CMT 911.220.11 — قطر الساق 8 مم — قطر القطع 22 مم — طول القطع الفعال 20 مم;CMT-911.220.11;CMT;85.000;;1;"<div class=""ck-content""><p>Fraise CMT Orange Tools 911.220.11 à coupes droites, conçue pour réaliser des rainures et des évidements précis dans le bois, le MDF et les panneaux dérivés du bois.</p><p>&nbsp;</p><p>CARACTÉRISTIQUES TECHNIQUES</p><p>&nbsp;</p><p>• Référence : CMT 911.220.11</p><p>• Type : fraise droite / Straight Bit</p><p>• Diamètre de queue S : 8 mm</p><p>• Diamètre de coupe D : 22 mm</p><p>• Longueur de coupe effective I : 20 mm</p><p>• Longueur totale L : 57 mm</p><p>• Rotation : droite (RH)</p><p>• Matière : carbure brasé HW</p><p>• Nombre de tranchants : 2 (Z2)</p><p>&nbsp;</p><p>UTILISATIONS</p><p>&nbsp;</p><p>Pour réaliser des rainures, des feuillures et des évidements réguliers dans le bois et les panneaux dérivés. Utiliser une défonceuse compatible avec une queue de 8 mm et respecter les conditions de coupe adaptées au matériau.</p><p>&nbsp;</p><p>فريزة CMT Orange Tools 911.220.11 ذات حافتَي قطع مستقيمتين، مخصصة لإنجاز الأخاديد والتجاويف الدقيقة في الخشب وMDF والألواح الخشبية.</p><p>&nbsp;</p><p>المواصفات التقنية</p><p>&nbsp;</p><p>• المرجع: CMT 911.220.11</p><p>• النوع: فريزة مستقيمة / Straight Bit</p><p>• قطر الساق S: 8 مم</p><p>• قطر القطع D: 22 مم</p><p>• طول القطع الفعال I: 20 مم</p><p>• الطول الإجمالي L: 57 مم</p><p>• اتجاه الدوران: يمين (RH)</p><p>• المادة: كربيد ملحوم HW</p><p>• عدد حواف القطع: 2 (Z2)</p><p>&nbsp;</p><p>الاستخدامات</p><p>&nbsp;</p><p>لإنجاز الأخاديد والتجاويف المنتظمة في الخشب والألواح الخشبية. يجب استعمال جهاز تفريز متوافق مع ساق 8 مم واحترام شروط القطع المناسبة للمادة.</p></div>";;;https://cdn.converty.shop/images/cf1e9020b9e0e48cd3febabed9196c56babd8d47f6c3c6fbd4b879ddec53e36a_lg.webp
CMT 702.140.11 — قطر الساق 6 مم — قطر القطع 14 مم — طول القطع الفعال 12 مم;CMT-702.140.11;CMT;57.000;;1;"<div class=""ck-content""><p>Fraise CMT Orange Tools 702.140.11 pour charnières, conçue pour réaliser des logements précis et de profondeur limitée dans le bois, le MDF et les panneaux dérivés du bois.</p><p>&nbsp;</p><p>CARACTÉRISTIQUES TECHNIQUES</p><p>&nbsp;</p><p>• Référence : CMT 702.140.11</p><p>• Type : fraise pour charnières / Hinge Recesser Bit</p><p>• Diamètre de queue S : 6 mm</p><p>• Diamètre de coupe D : 14 mm</p><p>• Longueur de coupe effective I : 12 mm</p><p>• Longueur totale L : 38 mm</p><p>• Rotation : droite (RH)</p><p>• Matière : carbure brasé HW</p><p>• Nombre de tranchants : 2 (Z2)</p><p>&nbsp;</p><p>UTILISATIONS</p><p>&nbsp;</p><p>Pour réaliser des logements de charnières propres et réguliers dans le bois et les panneaux dérivés. Pour une finition nette, terminer les angles au ciseau si nécessaire et utiliser une défonceuse compatible avec une queue de 6 mm.</p><p>&nbsp;</p><p>فريزة CMT Orange Tools 702.140.11 مخصصة لإنجاز تجاويف دقيقة ومحدودة العمق للمفصلات في الخشب وMDF والألواح الخشبية.</p><p>&nbsp;</p><p>المواصفات التقنية</p><p>&nbsp;</p><p>• المرجع: CMT 702.140.11</p><p>• النوع: فريزة للمفصلات / Hinge Recesser Bit</p><p>• قطر الساق S: 6 مم</p><p>• قطر القطع D: 14 مم</p><p>• طول القطع الفعال I: 12 مم</p><p>• الطول الإجمالي L: 38 مم</p><p>• اتجاه الدوران: يمين (RH)</p><p>• المادة: كربيد ملحوم HW</p><p>• عدد حواف القطع: 2 (Z2)</p><p>&nbsp;</p><p>الاستخدامات</p><p>&nbsp;</p><p>لإنجاز تجاويف نظيفة ومنتظمة للمفصلات في الخشب والألواح الخشبية. للحصول على تشطيب دقيق، يمكن إنهاء الزوايا بالإزميل عند الحاجة، ويجب استعمال جهاز تفريز متوافق مع ساق 6 مم.</p></div>";;;https://cdn.converty.shop/images/7eeb555003a7b79e378cf50a557f000f232fb616db48b376a70064aa11ff3c37_lg.webp
CMT 712.060.11 — قطر الساق 6 مم — قطر القطع 6 مم — طول القطع الفعال 25,4 مم;CMT-712.060.11;CMT;75.000;;1;"<div class=""ck-content""><p>Fraise CMT Orange Tools 712.060.11 de type fraise droite à deux tranchants, conçue pour réaliser des rainures propres et régulières dans le bois, le MDF et les panneaux dérivés du bois.</p><p>&nbsp;</p><p>CARACTÉRISTIQUES TECHNIQUES</p><p>&nbsp;</p><p>• Référence : CMT 712.060.11</p><p>• Type : fraise droite / Straight Bit, série longue 7/8/912</p><p>• Diamètre de queue S : 6 mm</p><p>• Diamètre de coupe D : 6 mm</p><p>• Longueur de coupe effective I : 25,4 mm</p><p>• Longueur totale L : 60 mm</p><p>• Rotation : droite (RH)</p><p>• Matière : carbure monobloc HWM</p><p>• Nombre de tranchants : 2 (Z2)</p><p>• Profil : B</p><p>&nbsp;</p><p>UTILISATIONS</p><p>&nbsp;</p><p>Pour le rainurage et les travaux de fraisage précis dans le bois, le MDF et les panneaux dérivés du bois. Utiliser une défonceuse compatible avec une queue de 6 mm. Ne pas utiliser une fraise endommagée ou émoussée, ne pas forcer l’avance et effectuer plusieurs passes si nécessaire.</p><p>&nbsp;</p><p>فريزة CMT Orange Tools 712.060.11 مستقيمة ذات حافتَي قطع، مخصصة لإنجاز أخاديد نظيفة ومنتظمة في الخشب وMDF والألواح الخشبية.</p><p>&nbsp;</p><p>المواصفات التقنية</p><p>&nbsp;</p><p>• المرجع: CMT 712.060.11</p><p>• النوع: فريزة مستقيمة / Straight Bit، السلسلة الطويلة 7/8/912</p><p>• قطر الساق S: 6 مم</p><p>• قطر القطع D: 6 مم</p><p>• طول القطع الفعال I: 25.4 مم</p><p>• الطول الإجمالي L: 60 مم</p><p>• اتجاه الدوران: يمين (RH)</p><p>• المادة: كربيد صلب HWM</p><p>• عدد حواف القطع: 2 (Z2)</p><p>• البروفيل: B</p><p>&nbsp;</p><p>الاستخدامات</p><p>&nbsp;</p><p>لإنجاز الأخاديد وأعمال التفريز الدقيقة في الخشب وMDF والألواح الخشبية. يجب استعمال جهاز تفريز متوافق مع ساق 6 مم. لا تستعمل الفريزة إذا كانت تالفة أو غير حادة، ولا تضغط على سرعة التقدم، ونفّذ عدة تمريرات عند الحاجة.</p></div>";;;https://cdn.converty.shop/images/637c6bc7861b9cdc158d73dc051e3e2cc707898f4725d792507612e327681e25_lg.webp
CMT 711.100.11 — قطر الساق 6 مم — قطر القطع 10 مم — طول القطع الفعال 20 مم;CMT-711.100.11;CMT;1.000;;1;"<div class=""ck-content""><p>Fraise CMT Orange Tools 711.100.11 de type fraise droite, conçue pour réaliser des rainures propres et régulières dans le bois, le MDF et les panneaux dérivés du bois.</p><p>&nbsp;</p><p>CARACTÉRISTIQUES TECHNIQUES</p><p>&nbsp;</p><p>• Référence : CMT 711.100.11</p><p>• Type : fraise droite / Straight Bit</p><p>• Diamètre de queue S : 6 mm</p><p>• Diamètre de coupe D : 10 mm</p><p>• Longueur de coupe effective I : 20 mm</p><p>• Longueur totale L : 48 mm</p><p>• Rotation : droite (RH)</p><p>• Matière : carbure HW</p><p>• Nombre de tranchants : 2 (Z2)</p><p>• Conditionnement : 1 pièce</p><p>&nbsp;</p><p>UTILISATIONS</p><p>&nbsp;</p><p>Pour le rainurage, la réalisation de feuillures et les assemblages dans le bois, le MDF et les panneaux dérivés du bois. Utiliser une défonceuse compatible avec une queue de 6 mm et respecter les consignes de sécurité du fabricant.</p><p>&nbsp;</p><p>فريزة CMT Orange Tools 711.100.11 من نوع الفريزة المستقيمة، مخصصة لإنجاز أخاديد نظيفة ومنتظمة في الخشب وMDF والألواح الخشبية.</p><p>&nbsp;</p><p>المواصفات التقنية</p><p>&nbsp;</p><p>• المرجع: CMT 711.100.11</p><p>• النوع: فريزة مستقيمة / Straight Bit</p><p>• قطر الساق S: 6 مم</p><p>• قطر القطع D: 10 مم</p><p>• طول القطع الفعال I: 20 مم</p><p>• الطول الإجمالي L: 48 مم</p><p>• اتجاه الدوران: يمين (RH)</p><p>• المادة: كربيد HW</p><p>• عدد حواف القطع: 2 (Z2)</p><p>• التغليف: قطعة واحدة</p><p>&nbsp;</p><p>الاستخدامات</p><p>&nbsp;</p><p>لإنجاز الأخاديد والدرجات وتجميعات الخشب في الخشب وMDF والألواح الخشبية. يجب استعمال جهاز تفريز متوافق مع ساق 6 مم واحترام تعليمات السلامة الخاصة بالشركة المصنعة.</p></div>";;;https://cdn.converty.shop/images/ce6f36f2d92a0a1b65ea11d5e79d1ee5fe8a80c9ffbfcd0873f48b778ae2788f_lg.webp
CMT 711.140.11 — قطر الساق 6 مم — قطر القطع 14 مم — طول القطع الفعال 20 مم;CMT-711.140.11;CMT;73.000;;1;"<div class=""ck-content""><p>Fraise CMT Orange Tools 711.140.11 de type fraise droite, conçue pour réaliser des rainures propres et régulières dans le bois et les panneaux dérivés du bois.</p><p>&nbsp;</p><p>CARACTÉRISTIQUES TECHNIQUES</p><p>&nbsp;</p><p>• Référence : CMT 711.140.11</p><p>• Type : fraise droite / Straight Bit</p><p>• Diamètre de queue S : 6 mm</p><p>• Diamètre de coupe D : 14 mm</p><p>• Longueur de coupe effective I : 20 mm</p><p>• Longueur totale L : 50 mm</p><p>• Rotation : droite (RH)</p><p>• Matière : carbure HW</p><p>• Nombre de tranchants : 2 (Z2)</p><p>• Conditionnement : 1 pièce</p><p>&nbsp;</p><p>UTILISATIONS</p><p>&nbsp;</p><p>Pour le rainurage, la réalisation de feuillures et les assemblages dans le bois, le MDF et les panneaux dérivés du bois. Utiliser une défonceuse compatible avec une queue de 6 mm et respecter les consignes de sécurité du fabricant.</p><p>&nbsp;</p><p>فريزة CMT Orange Tools 711.140.11 من نوع الفريزة المستقيمة، مخصصة لإنجاز أخاديد نظيفة ومنتظمة في الخشب والألواح الخشبية.</p><p>&nbsp;</p><p>المواصفات التقنية</p><p>&nbsp;</p><p>• المرجع: CMT 711.140.11</p><p>• النوع: فريزة مستقيمة / Straight Bit</p><p>• قطر الساق S: 6 مم</p><p>• قطر القطع D: 14 مم</p><p>• طول القطع الفعال I: 20 مم</p><p>• الطول الإجمالي L: 50 مم</p><p>• اتجاه الدوران: يمين (RH)</p><p>• المادة: كربيد HW</p><p>• عدد حواف القطع: 2 (Z2)</p><p>• التغليف: قطعة واحدة</p><p>&nbsp;</p><p>الاستخدامات</p><p>&nbsp;</p><p>لإنجاز الأخاديد والدرجات وتجميعات الخشب في الخشب وMDF والألواح الخشبية. يجب استعمال جهاز تفريز متوافق مع ساق 6 مم واحترام تعليمات السلامة الخاصة بالشركة المصنعة.</p></div>";;;https://cdn.converty.shop/images/7e2af91c181070418a098bbd2d5ba5937542965beafc07c7c19f2dfde10b54ce_lg.webp
CMT 702.220.11 — قطر الساق 6 مم — قطر القطع 22 مم — طول القطع الفعال 11 مم;CMT-702.220.11;CMT;69.000;;1;"<div class=""ck-content""><p>Fraise CMT Orange Tools 702.220.11 de type fraise à entailler pour charnières, conçue pour réaliser des logements latéraux propres et peu profonds destinés à la pose de charnières dans le bois et les panneaux dérivés du bois.</p><p>&nbsp;</p><p>CARACTÉRISTIQUES TECHNIQUES</p><p>&nbsp;</p><p>• Référence : CMT 702.220.11</p><p>• Type : fraise à entailler pour charnières / hinge recesser bit</p><p>• Diamètre de queue S : 6 mm</p><p>• Diamètre de coupe D : 22 mm</p><p>• Longueur de coupe effective I : 11 mm</p><p>• Longueur totale L : 38 mm</p><p>• Rotation : droite (RH)</p><p>• Matière : carbure HW</p><p>• Nombre de tranchants : 2 (Z2)</p><p>• Conditionnement : 1 pièce</p><p>&nbsp;</p><p>UTILISATIONS</p><p>&nbsp;</p><p>Pour réaliser des logements de charnières par fraisage latéral peu profond. Fixer correctement la pièce et utiliser une défonceuse compatible avec une queue de 6 mm. Les angles du logement peuvent nécessiter une finition manuelle au ciseau à bois.</p><p>&nbsp;</p><p>فريزة CMT Orange Tools 702.220.11 من نوع فريزة تجويف المفصلات، مخصصة لإنجاز تجاويف جانبية نظيفة وضحلة لتركيب المفصلات في الخشب والألواح الخشبية.</p><p>&nbsp;</p><p>المواصفات التقنية</p><p>&nbsp;</p><p>• المرجع: CMT 702.220.11</p><p>• النوع: فريزة تجويف المفصلات / Hinge Recesser Bit</p><p>• قطر الساق S: 6 مم</p><p>• قطر القطع D: 22 مم</p><p>• طول القطع الفعال I: 11 مم</p><p>• الطول الإجمالي L: 38 مم</p><p>• اتجاه الدوران: يمين (RH)</p><p>• المادة: كربيد HW</p><p>• عدد حواف القطع: 2 (Z2)</p><p>• التغليف: قطعة واحدة</p><p>&nbsp;</p><p>الاستخدامات</p><p>&nbsp;</p><p>لإنجاز تجاويف المفصلات عن طريق التفريز الجانبي الضحل. يجب تثبيت القطعة جيداً واستعمال جهاز تفريز متوافق مع ساق 6 مم. قد تحتاج زوايا التجويف إلى تشطيب يدوي باستعمال إزميل الخشب.</p></div>";;;https://cdn.converty.shop/images/ea831182b29e157fd3a59b843e4743fb1befaacefb8960a50b32f47c3f61beaf_lg.webp
CMT 702.250.11 — قطر الساق 6 مم — قطر القطع 25 مم — طول القطع الفعال 11 مم;CMT-702.250.11;CMT;93.000;;1;"<div class=""ck-content""><p>Fraise CMT Orange Tools 702.250.11 de type fraise à entailler pour charnières, conçue pour réaliser des entailles latérales peu profondes et propres pour la pose de charnières dans le bois et les panneaux dérivés du bois.</p><p>&nbsp;</p><p>CARACTÉRISTIQUES TECHNIQUES</p><p>&nbsp;</p><p>• Référence : CMT 702.250.11</p><p>• Type : fraise à entailler pour charnières / hinge recesser bit</p><p>• Diamètre de queue S : 6 mm</p><p>• Diamètre de coupe D : 25 mm</p><p>• Longueur de coupe effective I : 11 mm</p><p>• Longueur totale L : 38 mm</p><p>• Rotation : droite (RH)</p><p>• Matière : carbure HW</p><p>• Nombre de tranchants : 2 (Z2)</p><p>• Conditionnement : 1 pièce</p><p>&nbsp;</p><p>UTILISATIONS</p><p>&nbsp;</p><p>Pour réaliser des logements latéraux peu profonds destinés aux charnières. Les angles peuvent nécessiter une finition manuelle avec un ciseau à bois. Fixer correctement la pièce et utiliser une défonceuse compatible avec une queue de 6 mm.</p><p>&nbsp;</p><p>فريزة CMT Orange Tools 702.250.11 من نوع فريزة تجويف المفصلات، مخصصة لإنجاز تجاويف جانبية ضحلة ونظيفة لتركيب المفصلات في الخشب والألواح الخشبية.</p><p>&nbsp;</p><p>المواصفات التقنية</p><p>&nbsp;</p><p>• المرجع: CMT 702.250.11</p><p>• النوع: فريزة تجويف المفصلات / Hinge Recesser Bit</p><p>• قطر الساق S: 6 مم</p><p>• قطر القطع D: 25 مم</p><p>• طول القطع الفعال I: 11 مم</p><p>• الطول الإجمالي L: 38 مم</p><p>• اتجاه الدوران: يمين (RH)</p><p>• المادة: كربيد HW</p><p>• عدد حواف القطع: 2 (Z2)</p><p>• التغليف: قطعة واحدة</p><p>&nbsp;</p><p>الاستخدامات</p><p>&nbsp;</p><p>لإنجاز تجاويف جانبية ضحلة مخصصة للمفصلات. قد تحتاج الزوايا إلى تشطيب يدوي باستخدام إزميل الخشب. يجب تثبيت القطعة جيداً واستعمال جهاز تفريز متوافق مع ساق 6 مم.</p></div>";;;https://cdn.converty.shop/images/1a913a7c0bc827d0d5de2abbb37aa42c6688a45cf8cd36d107937189fc301c72_lg.webp
CMT 950.602.11 — قطر الساق 12 مم — قطر القطع 34,9 مم — طول القطع الفعال 22,2 مم;CMT-950.602.11;CMT;161.000;;1;"<div class=""ck-content""><p>Fraise CMT Orange Tools 950.602.11 de type T-Slot, conçue pour réaliser des rainures en T et des logements propres pour rails, boulons, cadres, plaques et éléments de fixation dans le bois et les panneaux dérivés du bois.</p><p>&nbsp;</p><p>CARACTÉRISTIQUES TECHNIQUES</p><p>&nbsp;</p><p>• Référence : CMT 950.602.11</p><p>• Type : fraise T-Slot / fraise à rainure en T</p><p>• Diamètre de queue S : 12 mm</p><p>• Diamètre de coupe D : 34,9 mm</p><p>• Diamètre intérieur d : 12,7 mm</p><p>• Longueur de coupe effective I : 22,2 mm</p><p>• Longueur totale L : 60,3 mm</p><p>• Rotation : droite (RH)</p><p>• Matière : carbure HM</p><p>• Nombre de tranchants : 2</p><p>• Conditionnement : 1 pièce</p><p>&nbsp;</p><p>UTILISATIONS</p><p>&nbsp;</p><p>Pour créer des rainures en T et des logements propres pour rails, boulons, cadres, plaques et systèmes de fixation. Fixer solidement la pièce avant le fraisage et utiliser une défonceuse compatible avec une queue de 12 mm.</p><p>&nbsp;</p><p>فريزة CMT Orange Tools 950.602.11 من نوع T-Slot، مخصصة لإنجاز مجاري على شكل حرف T وتجاويف نظيفة للسكك والبراغي والإطارات واللوحات وعناصر التثبيت في الخشب والألواح الخشبية.</p><p>&nbsp;</p><p>المواصفات التقنية</p><p>&nbsp;</p><p>• المرجع: CMT 950.602.11</p><p>• النوع: فريزة T-Slot / فريزة المجرى على شكل حرف T</p><p>• قطر الساق S: 12 مم</p><p>• قطر القطع D: 34,9 مم</p><p>• القطر الداخلي d: 12,7 مم</p><p>• طول القطع الفعال I: 22,2 مم</p><p>• الطول الإجمالي L: 60,3 مم</p><p>• اتجاه الدوران: يمين (RH)</p><p>• المادة: كربيد HM</p><p>• عدد حواف القطع: 2</p><p>• التغليف: قطعة واحدة</p><p>&nbsp;</p><p>الاستخدامات</p><p>&nbsp;</p><p>لإنجاز مجاري على شكل حرف T وتجاويف نظيفة للسكك والبراغي والإطارات واللوحات وأنظمة التثبيت. يجب تثبيت القطعة جيداً قبل التفريز، واستعمال جهاز تفريز متوافق مع ساق 12 مم.</p></div>";;;https://cdn.converty.shop/images/5f06de67e64d2e991ba8bb7df16a8b844428abfd1058b7a1de3f6d62d0edeec3_lg.webp
CMT 950.603.11 — قطر الساق 12 مم — قطر القطع 28 مم — طول القطع الفعال 13,5 مم;CMT-950.603.11;CMT;134.000;;1;"<div class=""ck-content""><p>Fraise CMT Orange Tools 950.603.11 de type T-Slot, conçue pour réaliser des rainures en T et des logements propres pour rails, boulons, cadres et systèmes de fixation dans le bois et les panneaux dérivés du bois.</p><p>&nbsp;</p><p>CARACTÉRISTIQUES TECHNIQUES</p><p>&nbsp;</p><p>• Référence : CMT 950.603.11</p><p>• Type : fraise T-Slot / fraise à rainure en T</p><p>• Diamètre de queue S : 12 mm</p><p>• Diamètre de coupe D : 28 mm</p><p>• Diamètre intérieur d : 11 mm</p><p>• Longueur de coupe effective I : 13,5 mm</p><p>• Longueur totale L : 56,3 mm</p><p>• Rotation : droite (RH)</p><p>• Matière : carbure HM</p><p>• Nombre de tranchants : 2</p><p>• Conditionnement : 1 pièce</p><p>&nbsp;</p><p>UTILISATIONS</p><p>&nbsp;</p><p>Pour réaliser des rainures en T et des logements destinés aux rails, boulons et systèmes de fixation. Fixer correctement la pièce avant le fraisage et utiliser une défonceuse compatible avec une queue de 12 mm.</p><p>&nbsp;</p><p>فريزة CMT Orange Tools 950.603.11 من نوع T-Slot، مخصصة لإنجاز مجاري على شكل حرف T وتجاويف نظيفة للسكك والبراغي والإطارات وأنظمة التثبيت في الخشب والألواح الخشبية.</p><p>&nbsp;</p><p>المواصفات التقنية</p><p>&nbsp;</p><p>• المرجع: CMT 950.603.11</p><p>• النوع: فريزة T-Slot / فريزة المجرى على شكل حرف T</p><p>• قطر الساق S: 12 مم</p><p>• قطر القطع D: 28 مم</p><p>• القطر الداخلي d: 11 مم</p><p>• طول القطع الفعال I: 13,5 مم</p><p>• الطول الإجمالي L: 56,3 مم</p><p>• اتجاه الدوران: يمين (RH)</p><p>• المادة: كربيد HM</p><p>• عدد حواف القطع: 2</p><p>• التغليف: قطعة واحدة</p><p>&nbsp;</p><p>الاستخدامات</p><p>&nbsp;</p><p>لإنجاز مجاري على شكل حرف T وتجاويف مخصصة للسكك والبراغي وأنظمة التثبيت. يجب تثبيت القطعة جيداً قبل التفريز واستعمال جهاز تفريز متوافق مع ساق 12 مم.</p></div>";;;https://cdn.converty.shop/images/0eec78c9546b912de0701de7f231277fbd4b6f37c99f3e3e595dd57d5cd36ee5_lg.webp
CMT 950.601.11 — قطر الساق 12 مم — قطر القطع 30 مم — طول القطع الفعال 17,5 مم;CMT-950.601.11;CMT;115.000;;1;"<div class=""ck-content""><p><a href=""Fraise CMT Orange Tools 950.601.11 de type T-Slot, conçue pour réaliser des rainures en T et des logements destinés aux rails, boulons, cadres, plaques et éléments de fixation dans le bois et les panneaux dérivés du bois."">Fraise CMT Orange Tools 950.601.11 de type T-Slot, conçue pour réaliser des rainures en T et des logements destinés aux rails, boulons, cadres, plaques et éléments de fixation dans le bois et les panneaux dérivés du bois.</a></p><p>CARACTÉRISTIQUES TECHNIQUES</p><p>&nbsp;</p><p>• Référence : CMT 950.601.11</p><p>• Type : fraise T-Slot / fraise à rainure en T</p><p>• Diamètre de queue S : 12 mm</p><p>• Diamètre de coupe D : 30 mm</p><p>• Diamètre intérieur d : 9,5 mm</p><p>• Longueur de coupe effective I : 17,5 mm</p><p>• Épaulement inférieur : 8 mm</p><p>• Longueur totale L : 60,3 mm</p><p>• Rotation : droite (RH)</p><p>• Matière : carbure HM</p><p>• Conditionnement : 1 pièce</p><p>&nbsp;</p><p>UTILISATIONS</p><p>&nbsp;</p><p>Pour créer des rainures en T et des logements propres pour rails, boulons et systèmes de fixation. Fixer solidement la pièce avant le fraisage et utiliser une défonceuse compatible avec une queue de 12 mm.</p><p>&nbsp;</p><p>فريزة CMT Orange Tools 950.601.11 من نوع T-Slot، مخصصة لإنجاز مجاري على شكل حرف T وتجهيز تجاويف مناسبة للسكك والبراغي والإطارات واللوحات وعناصر التثبيت في الخشب والألواح الخشبية.</p><p>&nbsp;</p><p>المواصفات التقنية</p><p>&nbsp;</p><p>• المرجع: CMT 950.601.11</p><p>• النوع: فريزة T-Slot / فريزة المجرى على شكل حرف T</p><p>• قطر الساق S: 12 مم</p><p>• قطر القطع D: 30 مم</p><p>• القطر الداخلي d: 9,5 مم</p><p>• طول القطع الفعال I: 17,5 مم</p><p>• الكتف السفلي: 8 مم</p><p>• الطول الإجمالي L: 60,3 مم</p><p>• اتجاه الدوران: يمين (RH)</p><p>• المادة: كربيد HM</p><p>• التغليف: قطعة واحدة</p><p>&nbsp;</p><p>الاستخدامات</p><p>&nbsp;</p><p>لإنجاز مجاري على شكل حرف T وتجاويف نظيفة للسكك والبراغي وأنظمة التثبيت. يجب تثبيت القطعة جيداً قبل التفريز، واستعمال جهاز تفريز متوافق مع ساق 12 مم.</p></div>";;;https://cdn.converty.shop/images/4e6c0badd98d468bfab22534db96e8e1f88159e5f96e67dce209881f7d05a2fe_lg.webp
CMT 950.001.11 — قطر الساق 8 مم — قطر القطع 9,5 مم — طول القطع الفعال 11 مم;CMT-950.001.11;CMT;75.000;;1;"<div class=""ck-content""><p><a href=""Fraise CMT Orange Tools 950.001.11 de type keyhole, à une dent en carbure, conçue pour réaliser une rainure en trou de serrure destinée à la fixation de cadres, plaques et décorations murales sur vis ou clous."">Fraise CMT Orange Tools 950.001.11 de type keyhole, à une dent en carbure, conçue pour réaliser une rainure en trou de serrure destinée à la fixation de cadres, plaques et décorations murales sur vis ou clous.</a></p><p>CARACTÉRISTIQUES TECHNIQUES</p><p>&nbsp;</p><p>• Référence : CMT 950.001.11</p><p>• Type : fraise keyhole / fraise à rainure en trou de serrure (Z1)</p><p>• Diamètre de queue S : 8 mm</p><p>• Diamètre de coupe D : 9,5 mm</p><p>• Diamètre intérieur d : 4,8 mm</p><p>• Longueur de coupe effective I : 11 mm</p><p>• Longueur totale L : 54 mm</p><p>• Rotation : droite (RH)</p><p>• Conditionnement : 1 pièce</p><p>&nbsp;</p><p>UTILISATIONS</p><p>&nbsp;</p><p>Pour créer des logements permettant de suspendre correctement des cadres, plaques, panneaux décoratifs et autres éléments muraux. Fixer solidement la pièce avant le fraisage et utiliser de préférence une défonceuse plongeante compatible avec une queue de 8 mm.</p><p>&nbsp;</p><p>فريزة CMT Orange Tools 950.001.11 من نوع ثقب المفتاح، ذات سِنّ واحد من الكربيد، مخصصة لإنجاز مجرى بشكل ثقب المفتاح لتثبيت الإطارات واللوحات والديكورات الجدارية على البراغي أو المسامير.</p><p>&nbsp;</p><p>المواصفات التقنية</p><p>&nbsp;</p><p>• المرجع: CMT 950.001.11</p><p>• النوع: فريزة ثقب المفتاح / فريزة مجرى ثقب المفتاح (Z1)</p><p>• قطر الساق S: 8 مم</p><p>• قطر القطع D: 9,5 مم</p><p>• القطر الداخلي d: 4,8 مم</p><p>• طول القطع الفعال I: 11 مم</p><p>• الطول الإجمالي L: 54 مم</p><p>• اتجاه الدوران: يمين (RH)</p><p>• التغليف: قطعة واحدة</p><p>&nbsp;</p><p>الاستخدامات</p><p>&nbsp;</p><p>لإنجاز تجاويف تسمح بتعليق الإطارات واللوحات والألواح الزخرفية والعناصر الجدارية الأخرى بشكل ثابت. يجب تثبيت القطعة جيداً قبل التفريز، ويفضل استعمال جهاز تفريز غاطس متوافق مع ساق 8 مم.</p></div>";;;https://cdn.converty.shop/images/55b5c48730c2bd6670c7bb419dd7440673131acfd3ad45e8abd308912fc29f56_lg.webp
Fraise CMT 706.064.11 — Flush Trim Bit;CMT-706-064-11;CMT;99.500;;1;"<div class=""ck-content""><p>Fraise CMT Orange Tools 706.064.11 — Flush Trim Bit</p><p>&nbsp;</p><p>Fraise de défonceuse professionnelle en carbure massif HWM, conçue pour le travail au gabarit, la copie de formes et la mise à niveau des chants sur le bois, le MDF et les stratifiés. Son roulement à billes inférieur guide la fraise le long du gabarit ou du bord de référence afin d’obtenir une coupe précise et régulière.</p><p>&nbsp;</p><p>CARACTÉRISTIQUES TECHNIQUES</p><p>Référence : CMT 706.064.11</p><p>Type : fraise à copier et à affleurer (Flush Trim Bit)</p><p>Matière : carbure massif HWM</p><p>Diamètre de coupe (D) : 6,35 mm (¼"")</p><p>Hauteur de coupe (I) : 25,4 mm (1"")</p><p>Diamètre de queue (S) : 6 mm</p><p>Longueur totale (L) : 63,5 mm</p><p>Nombre de tranchants (Z) : 2 tranchants au carbure</p><p>Sens de rotation : droite (RH)</p><p>Guidage : roulement à billes inférieur</p><p>&nbsp;</p><p>Le schéma de l’emballage présente une comparaison à l’échelle 1:2 et indique une hauteur de coupe de 25,4 mm. Vérifier la compatibilité de la queue de 6 mm avec la machine et effectuer un essai sur une chute de matériau avant le travail final.</p><p>&nbsp;</p><p>Sécurité : fixer correctement la pièce et le gabarit, porter des lunettes et une protection auditive, utiliser une vitesse adaptée, garder les mains éloignées de la zone de coupe et débrancher la machine avant tout réglage.</p><p>&nbsp;</p><p>فريزة CMT Orange Tools 706.064.11 — Flush Trim Bit</p><p>&nbsp;</p><p>فريزة راوتر احترافية من الكربيد الصلب HWM، مخصّصة للعمل باستعمال القالب ونسخ الأشكال وتسوية الحواف مع الخشب وMDF والصفائح. يساعد المحمل الكروي السفلي على توجيه الفريزة بمحاذاة القالب أو الحافة المرجعية للحصول على قطع دقيق ومنتظم.</p><p>&nbsp;</p><p>المواصفات التقنية</p><p>المرجع : CMT 706.064.11</p><p>النوع : فريزة نسخ وتسوية الحواف (Flush Trim Bit)</p><p>المادة : كربيد صلب HWM</p><p>قطر القطع (D) : 6,35 مم (¼ بوصة)</p><p>ارتفاع القطع (I) : 25,4 مم (1 بوصة)</p><p>قطر الساق (S) : 6 مم</p><p>الطول الإجمالي (L) : 63,5 مم</p><p>عدد الشفرات (Z) : شفرتان من الكربيد</p><p>اتجاه الدوران : يمين (RH)</p><p>التوجيه : محمل كروي سفلي</p><p>&nbsp;</p><p>يوضح مخطط العلبة مقارنة بمقياس 1:2 ويبيّن ارتفاع قطع يبلغ 25,4 مم. يجب التأكد من توافق ساق 6 مم مع الماكينة وتجربة الفريزة على قطعة متبقية من المادة قبل العمل النهائي.</p><p>&nbsp;</p><p>السلامة : ثبّت القطعة والقالب جيداً، ارتدِ نظارات واقية وحماية للسمع، استعمل سرعة مناسبة، أبقِ اليدين بعيدتين عن منطقة القطع وافصل الجهاز عن الكهرباء قبل أي تعديل.</p></div>";;;https://cdn.converty.shop/images/91a6169f1aa6cfa559d40e57bc500ab19edd0d0e65d8ae3dda1aa4683c4b34bd_lg.webp
Fraise CMT 706.127.11 — Flush Trim Bit;CMT-706-127-11;CMT;87.800;;1;"<div class=""ck-content""><p>Fraise CMT Orange Tools 706.127.11 — Flush Trim Bit</p><p>&nbsp;</p><p>Fraise de défonceuse professionnelle conçue pour le travail au gabarit et la mise à niveau des chants sur le bois, le MDF et les stratifiés plastiques. Le roulement inférieur guide la fraise le long du gabarit ou du bord de référence afin d’obtenir une coupe régulière et précise.</p><p>&nbsp;</p><p>CARACTÉRISTIQUES TECHNIQUES</p><p>Référence : CMT 706.127.11</p><p>Type : fraise à copier et à affleurer (Flush Trim Bit)</p><p>Diamètre de coupe (D) : 12,7 mm</p><p>Hauteur de coupe (I) : 25,4 mm</p><p>Diamètre de queue (S) : 6 mm</p><p>Longueur totale (L) : 70,7 mm</p><p>Nombre de tranchants (Z) : 2 tranchants au carbure (HW / Z2)</p><p>Sens de rotation : droite (RH)</p><p>Guidage : roulement à billes inférieur</p><p>&nbsp;</p><p>Le schéma de l’emballage présente une comparaison à l’échelle 1:2 et indique une capacité de coupe de 25,4 mm. Vérifier la compatibilité de la queue de 6 mm avec la machine et effectuer un essai sur une chute de matériau avant le travail final.</p><p>&nbsp;</p><p>Sécurité : fixer correctement la pièce et le gabarit, porter des lunettes et une protection auditive, utiliser une vitesse adaptée, garder les mains éloignées de la zone de coupe et débrancher la machine avant tout réglage.</p><p>&nbsp;</p><p>فريزة CMT Orange Tools 706.127.11 — Flush Trim Bit</p><p>&nbsp;</p><p>فريزة راوتر احترافية مخصّصة للعمل باستعمال القالب وتسوية الحواف مع الخشب وMDF والصفائح البلاستيكية. يساعد المحمل السفلي على توجيه الفريزة بمحاذاة القالب أو الحافة المرجعية للحصول على قطع منتظم ودقيق.</p><p>&nbsp;</p><p>المواصفات التقنية</p><p>المرجع : CMT 706.127.11</p><p>النوع : فريزة نسخ وتسوية الحواف (Flush Trim Bit)</p><p>قطر القطع (D) : 12,7 مم</p><p>ارتفاع القطع (I) : 25,4 مم</p><p>قطر الساق (S) : 6 مم</p><p>الطول الإجمالي (L) : 70,7 مم</p><p>عدد الشفرات (Z) : شفرتان من الكربيد (HW / Z2)</p><p>اتجاه الدوران : يمين (RH)</p><p>التوجيه : محمل كروي سفلي</p><p>&nbsp;</p><p>يوضح مخطط العلبة مقارنة بمقياس 1:2 ويبيّن قدرة قطع تبلغ 25,4 مم. يجب التأكد من توافق ساق 6 مم مع الماكينة وتجربة الفريزة على قطعة متبقية من المادة قبل العمل النهائي.</p><p>&nbsp;</p><p>السلامة : ثبّت القطعة والقالب جيداً، ارتدِ نظارات واقية وحماية للسمع، استعمل سرعة مناسبة، أبقِ اليدين بعيدتين عن منطقة القطع وافصل الجهاز عن الكهرباء قبل أي تعديل.</p></div>";;;https://cdn.converty.shop/images/360845e71cf138a212f3ce344f2d00a1187c16b270fa09b9a170227b4322e25c_lg.webp
Fraise CMT 912.160.11B — Pattern Bit;CMT-912-160-11B;CMT;112.000;;1;"<div class=""ck-content""><p>Fraise CMT Orange Tools 912.160.11B — Pattern Bit</p><p>&nbsp;</p><p>Fraise à copier conçue pour le travail précis du bois et des panneaux dérivés. Elle convient à l’utilisation avec une défonceuse portative ou une défonceuse montée sur table. Son roulement supérieur facilite le guidage contre un gabarit ou une pièce de référence.</p><p>&nbsp;</p><p>CARACTÉRISTIQUES TECHNIQUES</p><p>Référence : CMT 912.160.11B</p><p>Type : fraise à copier / fraise droite à roulement supérieur (Pattern Bit)</p><p>Diamètre de coupe (D) : 16 mm</p><p>Hauteur de coupe (I) : 31,7 mm</p><p>Diamètre de queue (S) : 8 mm</p><p>Longueur totale (L) : 66,5 mm</p><p>Nombre de tranchants (Z) : 2 tranchants au carbure (Z2)</p><p>Utilisation : gabaritage, copiage et usinage de précision du bois et des panneaux dérivés.</p><p>&nbsp;</p><p>Pour un résultat propre, fixer correctement la pièce et le gabarit, vérifier la compatibilité de la queue de 8 mm avec la machine et effectuer plusieurs passes si nécessaire. Porter des lunettes de protection et une protection auditive. Débrancher la machine avant tout réglage.</p><p>&nbsp;</p><p>فريزة CMT Orange Tools 912.160.11B — Pattern Bit</p><p>&nbsp;</p><p>فريزة نسخ مخصّصة للعمل الدقيق على الخشب والألواح المشتقة منه. يمكن استعمالها مع ماكينة راوتر محمولة باليد أو مثبتة على طاولة. يساعد المحمل العلوي على توجيه الفريزة بمحاذاة القالب أو القطعة المرجعية.</p><p>&nbsp;</p><p>المواصفات التقنية</p><p>المرجع : CMT 912.160.11B</p><p>النوع : فريزة نسخ / فريزة مستقيمة بمحمل علوي (Pattern Bit)</p><p>قطر القطع (D) : 16 مم</p><p>ارتفاع القطع (I) : 31,7 مم</p><p>قطر الساق (S) : 8 مم</p><p>الطول الإجمالي (L) : 66,5 مم</p><p>عدد الشفرات (Z) : شفرتان من الكربيد (Z2)</p><p>الاستخدام : النسخ باستعمال القالب، التشكيل الدقيق والعمل على الخشب والألواح المشتقة منه.</p><p>&nbsp;</p><p>للحصول على نتيجة نظيفة، ثبّت القطعة والقالب جيداً، وتأكد من توافق ساق 8 مم مع الماكينة، ونفّذ عدة تمريرات عند الحاجة. ارتدِ نظارات واقية وحماية للسمع، وافصل الجهاز عن الكهرباء قبل أي تعديل.</p></div>";;;https://cdn.converty.shop/images/1c3407e8dfc439eb00226ffacf873d4f0d5503ad4c1f2b9634122a1efc760c82_lg.webp
Fraise CMT 955.105.11 — Finger Pull Bit;CMT-955-105-11;CMT;140.500;;1;"<div class=""ck-content""><p>Fraise CMT Orange Tools 955.105.11 — Finger Pull Bit</p><p>&nbsp;</p><p>Fraise de défonceuse conçue pour réaliser des profils de poignée intégrée et des rainures arrondies dans le bois, le MDF et les panneaux. Elle permet de créer une prise en main pratique dans les façades de meubles, les tiroirs, les portes et différents projets de menuiserie.</p><p>&nbsp;</p><p>Cette fraise convient aux menuisiers, ébénistes et bricoleurs qui recherchent une finition propre et régulière. Vérifier la compatibilité avec la défonceuse, le diamètre de la pince, le support et l’épaisseur du matériau avant utilisation. Faire un essai sur une chute de bois afin de régler la profondeur et d’obtenir le profil souhaité.</p><p>&nbsp;</p><p>CARACTÉRISTIQUES TECHNIQUES</p><p>Référence : CMT 955.105.11</p><p>Type : fraise Finger Pull pour poignée intégrée</p><p>Diamètre de coupe (D) : 29 mm</p><p>Diamètre intérieur (d) : 11 mm</p><p>Hauteur de coupe (I) : 20 mm</p><p>Rayons du profil (R1 / R2) : 2,3 mm / 4,8 mm</p><p>Diamètre de queue (S) : 8 mm</p><p>Longueur totale (L) : 60 mm</p><p>Nombre de tranchants (Z) : 2 tranchants au carbure (Z2)</p><p>Sens de rotation : droite (RH)</p><p>&nbsp;</p><p>Sécurité : fixer correctement la pièce, porter des lunettes et une protection auditive, utiliser une vitesse adaptée, faire plusieurs passes si nécessaire et ne jamais toucher la fraise pendant sa rotation. Garder les mains éloignées de la zone de coupe et débrancher la machine avant tout réglage.</p><p>&nbsp;</p><p>فريزة CMT Orange Tools 955.105.11 — Finger Pull Bit</p><p>&nbsp;</p><p>فريزة راوتر مخصّصة لإنجاز مقابض مدمجة وأخاديد مستديرة في الخشب وMDF والألواح. تساعد على صناعة مسكة عملية داخل واجهات الأثاث والأدراج والأبواب ومختلف مشاريع النجارة.</p><p>&nbsp;</p><p>تناسب هذه الفريزة النجارين والحرفيين والهواة الذين يبحثون عن تشطيب نظيف ومتناسق. يجب التأكد من توافقها مع ماكينة الراوتر وقطر الكوليت وحامل القطعة وسماكة المادة قبل الاستعمال. يُنصح بتجربتها أولاً على قطعة خشب متبقية لضبط العمق والحصول على الشكل المطلوب.</p><p>&nbsp;</p><p>المواصفات التقنية</p><p>المرجع : CMT 955.105.11</p><p>النوع : فريزة Finger Pull لصناعة المقابض المدمجة</p><p>قطر القطع (D) : 29 مم</p><p>القطر الداخلي (d) : 11 مم</p><p>ارتفاع القطع (I) : 20 مم</p><p>أنصاف أقطار الشكل (R1 / R2) : 2,3 مم / 4,8 مم</p><p>قطر الساق (S) : 8 مم</p><p>الطول الإجمالي (L) : 60 مم</p><p>عدد الشفرات (Z) : شفرتان من الكربيد (Z2)</p><p>اتجاه الدوران : يمين (RH)</p><p>&nbsp;</p><p>السلامة : ثبّت القطعة جيداً، ارتدِ نظارات واقية وحماية للسمع، استعمل سرعة مناسبة، نفّذ عدة تمريرات عند الحاجة، ولا تلمس الفريزة أثناء دورانها. أبقِ اليدين بعيدتين عن منطقة القطع وافصل الجهاز عن الكهرباء قبل أي تعديل.</p></div>";;;https://cdn.converty.shop/images/97f96124c784822dce79cb8a022be8d5973c5fcd241d2253b7e507990c2dcba9_lg.webp
Fraise CMT 955.103.11 — Finger Pull Bit;CMT-955-103-11;CMT;151.000;;1;"<div class=""ck-content""><p>Fraise CMT Orange Tools 955.103.11 — Finger Pull Bit</p><p>&nbsp;</p><p>Fraise de défonceuse conçue pour réaliser des profils de poignée et des rainures arrondies dans le bois, le MDF et les panneaux. Elle permet de créer une prise en main intégrée, pratique pour les façades de meubles, les tiroirs, les portes et différents travaux de menuiserie.</p><p>&nbsp;</p><p>Cette fraise convient aux menuisiers, ébénistes et bricoleurs qui recherchent un profil propre et régulier. Vérifier la compatibilité avec la défonceuse, le diamètre de la pince, le support et l’épaisseur du matériau avant utilisation. Faire un essai sur une chute de bois afin de régler la profondeur et d’obtenir le résultat souhaité.</p><p>&nbsp;</p><p>CARACTÉRISTIQUES TECHNIQUES</p><p>Référence : CMT 955.103.11</p><p>Type : fraise Finger Pull pour poignée intégrée</p><p>Diamètre de coupe (D) : 38,1 mm</p><p>Hauteur de coupe (I) : 20,7 mm</p><p>Rayon du profil (R) : 6 mm</p><p>Diamètre de queue (S) : 8 mm</p><p>Longueur totale (L) : 55,5 mm</p><p>Nombre de tranchants (Z) : 2 tranchants au carbure</p><p>&nbsp;</p><p>Sécurité : fixer correctement la pièce, porter des lunettes et une protection auditive, utiliser une vitesse adaptée, faire plusieurs passes si nécessaire et ne jamais toucher la fraise pendant sa rotation. Garder les mains éloignées de la zone de coupe et débrancher la machine avant tout réglage.</p><p>&nbsp;</p><p>فريزة CMT Orange Tools 955.103.11 — Finger Pull Bit</p><p>&nbsp;</p><p>فريزة راوتر مخصّصة لإنجاز مقابض مدمجة وأخاديد مستديرة في الخشب وMDF والألواح. تساعد على صناعة مسكة عملية داخل واجهات الأثاث والأدراج والأبواب ومختلف أعمال النجارة.</p><p>&nbsp;</p><p>تناسب هذه الفريزة النجارين والحرفيين والهواة الذين يبحثون عن شكل نظيف ومتناسق. يجب التأكد من توافقها مع ماكينة الراوتر وقطر الكوليت وحامل القطعة وسماكة المادة قبل الاستعمال. يُنصح بتجربتها أولاً على قطعة خشب متبقية لضبط العمق والحصول على النتيجة المطلوبة.</p><p>&nbsp;</p><p>المواصفات التقنية</p><p>المرجع : CMT 955.103.11</p><p>النوع : فريزة Finger Pull لصناعة المقابض المدمجة</p><p>قطر القطع (D) : 38,1 مم</p><p>ارتفاع القطع (I) : 20,7 مم</p><p>نصف قطر الشكل (R) : 6 مم</p><p>قطر الساق (S) : 8 مم</p><p>الطول الإجمالي (L) : 55,5 مم</p><p>عدد الشفرات (Z) : شفرتان من الكربيد</p><p>&nbsp;</p><p>السلامة : ثبّت القطعة جيداً، ارتدِ نظارات واقية وحماية للسمع، استعمل سرعة مناسبة، نفّذ عدة تمريرات عند الحاجة، ولا تلمس الفريزة أثناء دورانها. أبقِ اليدين بعيدتين عن منطقة القطع وافصل الجهاز عن الكهرباء قبل أي تعديل.</p></div>";;;https://cdn.converty.shop/images/f9d59d2a3fc739afb3490ba3efa510f2cc490831680cc6f68d2f7eba50dfade7_lg.webp
Fraise CMT 955.102.11 — Finger Pull Bit;CMT-955-102-11;CMT;120.000;;1;"<div class=""ck-content""><p>Fraise CMT Orange Tools 955.102.11 — Finger Pull Bit</p><p>&nbsp;</p><p>Fraise de défonceuse destinée à usiner une prise de doigt ou une rainure de tirage intégrée dans le bois et les panneaux. Elle permet de créer un profil arrondi et confortable pour des poignées intégrées sur les portes, les tiroirs et les façades de meubles.</p><p>&nbsp;</p><p>Cette fraise convient aux menuisiers, ébénistes et bricoleurs. Vérifier la compatibilité avec la défonceuse, le support et le matériau avant utilisation.</p><p>&nbsp;</p><p>CARACTÉRISTIQUES TECHNIQUES</p><p>Référence : CMT 955.102.11</p><p>Type : fraise Finger Pull pour poignée intégrée</p><p>Diamètre de coupe (D) : 19,05 mm</p><p>Diamètre intérieur (d) : 9,5 mm</p><p>Hauteur de coupe (I) : 19,05 mm</p><p>Rayon (R) : 4,76 mm</p><p>Diamètre de queue (S) : 8 mm</p><p>Longueur totale (L) : 57,2 mm</p><p>Nombre de tranchants (Z) : 2 tranchants au carbure</p><p>&nbsp;</p><p>Sécurité : fixer correctement la pièce, porter des lunettes et une protection auditive, utiliser une vitesse adaptée et ne jamais toucher la fraise pendant sa rotation. Faire un essai sur une chute de bois avant l’usinage final.</p><p>&nbsp;</p><p>فريزة CMT Orange Tools 955.102.11 — Finger Pull Bit</p><p>&nbsp;</p><p>فريزة تُستعمل لصناعة مسكة للأصابع أو مجرى سحب مدمج في الخشب والألواح. تساعد على إنشاء شكل مستدير ومريح للمقابض المدمجة في الأبواب والأدراج وواجهات الأثاث.</p><p>&nbsp;</p><p>تناسب هذه الفريزة النجارين والحرفيين والهواة. يجب التأكد من توافقها مع ماكينة الراوتر والحامل ونوع المادة قبل الاستعمال.</p><p>&nbsp;</p><p>المواصفات التقنية</p><p>المرجع : CMT 955.102.11</p><p>النوع : فريزة Finger Pull لصناعة المقابض المدمجة</p><p>قطر القطع (D) : 19,05 مم</p><p>القطر الداخلي (d) : 9,5 مم</p><p>ارتفاع القطع (I) : 19,05 مم</p><p>نصف القطر (R) : 4,76 مم</p><p>قطر الساق (S) : 8 مم</p><p>الطول الإجمالي (L) : 57,2 مم</p><p>عدد الشفرات (Z) : شفرتان من الكربيد</p><p>&nbsp;</p><p>السلامة : ثبّت القطعة جيداً، ارتدِ نظارات واقية وحماية للسمع، استعمل سرعة مناسبة ولا تلمس الفريزة أثناء دورانها. يُنصح بتجربتها أولاً على قطعة خشب متبقية قبل العمل النهائي.</p></div>";;;https://cdn.converty.shop/images/4016c8d28d6be1dce23f9b26f0832b279e9220e0432b9e2490630486291155b1_lg.webp
Fraise CMT 955.504.11 — Lock Miter Bit;CMT-955-504-11;CMT;205.000;;1;"<div class=""ck-content""><p>Fraise CMT Orange Tools 955.504.11 — Lock Miter Bit</p><p>&nbsp;</p><p>Fraise de défonceuse conçue pour réaliser un assemblage à onglet verrouillé dans le bois, le MDF et les panneaux. Elle permet d’usiner deux profils complémentaires afin d’obtenir un assemblage précis et solide pour les cadres, les portes, les façades de meubles et les travaux de menuiserie.</p><p>&nbsp;</p><p>Cette fraise convient aux menuisiers, ébénistes et bricoleurs recherchant un assemblage propre avec une bonne stabilité. Vérifier la compatibilité avec la défonceuse, le diamètre de la pince, le support et l’épaisseur du matériau avant utilisation.</p><p>&nbsp;</p><p>CARACTÉRISTIQUES TECHNIQUES</p><p>Référence : CMT 955.504.11</p><p>Type : fraise à onglet verrouillé (Lock Miter Bit)</p><p>Diamètre de coupe (D) : 50,8 mm</p><p>Hauteur de coupe (I) : 22,2 mm</p><p>Angle de coupe (A) : 45°</p><p>Plage d’épaisseur du matériau (T) : 9,5 à 28,5 mm selon la configuration d’usinage</p><p>Diamètre de queue (S) : 12 mm</p><p>Longueur totale (L) : 60,3 mm</p><p>Nombre de tranchants (Z) : 2 tranchants au carbure</p><p>&nbsp;</p><p>Sécurité : fixer correctement la pièce, porter des lunettes et une protection auditive, utiliser une vitesse adaptée, faire plusieurs passes si nécessaire et ne jamais toucher la fraise pendant sa rotation. Faire un essai sur une chute de bois avant l’usinage final.</p><p>&nbsp;</p><p>فريزة CMT Orange Tools 955.504.11 — Lock Miter Bit</p><p>&nbsp;</p><p>فريزة راوتر مخصّصة لإنجاز وصلة ميتَر مقفلة في الخشب وMDF والألواح. تسمح بصناعة شكلين متكاملين للحصول على وصلة دقيقة ومتينة للإطارات والأبواب وواجهات الأثاث وأعمال النجارة.</p><p>&nbsp;</p><p>تناسب هذه الفريزة النجارين والحرفيين والهواة الذين يبحثون عن وصلة نظيفة وثابتة. يجب التأكد من توافقها مع ماكينة الراوتر وقطر الكوليت وحامل القطعة وسماكة المادة قبل الاستعمال.</p><p>&nbsp;</p><p>المواصفات التقنية</p><p>المرجع : CMT 955.504.11</p><p>النوع : فريزة وصلة ميتَر مقفلة (Lock Miter Bit)</p><p>قطر القطع (D) : 50,8 مم</p><p>ارتفاع القطع (I) : 22,2 مم</p><p>زاوية القطع (A) : 45°</p><p>سماكة المادة (T) : من 9,5 إلى 28,5 مم حسب طريقة الإعداد والاستعمال</p><p>قطر الساق (S) : 12 مم</p><p>الطول الإجمالي (L) : 60,3 مم</p><p>عدد الشفرات (Z) : شفرتان من الكربيد</p><p>&nbsp;</p><p>السلامة : ثبّت القطعة جيداً، ارتدِ نظارات واقية وحماية للسمع، استعمل سرعة مناسبة، نفّذ عدة تمريرات عند الحاجة، ولا تلمس الفريزة أثناء دورانها. يُنصح بتجربتها أولاً على قطعة خشب متبقية قبل العمل النهائي.</p></div>";;;https://cdn.converty.shop/images/3b08e4a0eb3f56f9b002dbecc3dfd774b68ede89b981ae4d432b19cf8f713667_lg.webp
Disque pour scie à panneaux ou scie circulaire industrielle — CMT 297.096.12P — aluminium, métaux non ferreux et panneaux stratifiés — 300 mm, 96 dents;CMT-297-096-12P;Aluminium;225.000;;1;"<h2>Lame de scie circulaire CMT Orange Tools 297.096.12P — aluminium, métaux non ferreux et panneaux stratifiés</h2>
<p><strong>Référence exacte :</strong> CMT Orange Tools 297.096.12P. Lame industrielle en carbure destinée aux applications de coupe de l’aluminium et d’autres métaux non ferreux, ainsi qu’aux panneaux stratifiés et matériaux compatibles lorsque la machine et les paramètres de coupe le permettent.</p>
<p><strong>Caractéristiques techniques :</strong> diamètre 300 mm, alésage 32 mm, 96 dents, affûtage TCG, angle négatif de -6°, largeur de coupe K de 3,2 mm, corps P de 2,5 mm et trous d’entraînement 2/12/64.</p>
<p><strong>Applications compatibles :</strong> aluminium, métaux non ferreux, panneaux stratifiés, Trespa, PVC/plastique et autres matériaux similaires selon la configuration de la machine. La denture négative est conçue pour une coupe contrôlée dans les applications prévues.</p>
<p><strong>Conseil d’utilisation :</strong> vérifier impérativement le diamètre, l’alésage, les trous d’entraînement, la vitesse maximale indiquée par la lame ou la machine et la compatibilité de l’équipement avant le montage. Pour les grandes dimensions, l’utilisation d’un lubrifiant liquide est recommandée ; le bâton de cire n’est pas recommandé.</p>
<p><strong>Vente :</strong> 1 lame.</p>
<hr><h3>التفاصيل بالعربية</h3><div dir=""rtl"" lang=""ar""><p><strong>شفرة منشار دائرية CMT Orange Tools 297.096.12P — للألمنيوم والمعادن غير الحديدية والألواح المصفحة</strong></p><p><strong>المرجع الدقيق:</strong> CMT Orange Tools 297.096.12P. شفرة صناعية من الكربيد مخصصة لقطع الألمنيوم والمعادن غير الحديدية الأخرى، وكذلك الألواح المصفحة والمواد المتوافقة عندما تسمح الماكينة وإعدادات القطع بذلك.</p><p><strong>المواصفات التقنية:</strong> القطر 300 مم، الفتحة الداخلية 32 مم، 96 سناً، هندسة شحذ TCG، زاوية سالبة -6 درجات، عرض القطع K يساوي 3.2 مم، سمك الجسم P يساوي 2.5 مم، وثقوب تثبيت 2/12/64.</p><p><strong>المواد المتوافقة:</strong> الألمنيوم، المعادن غير الحديدية، الألواح المصفحة، Trespa، PVC والبلاستيك ومواد مشابهة أخرى حسب إعداد الماكينة. صُممت الأسنان السالبة لتوفير قطع مضبوط في التطبيقات المناسبة.</p><p><strong>نصيحة الاستعمال:</strong> يجب التأكد قبل التركيب من القطر والفتحة وثقوب التثبيت والسرعة القصوى الموضحة على الشفرة أو الماكينة وتوافق الجهاز. بالنسبة للمقاسات الكبيرة، يوصى باستعمال مادة تشحيم سائلة؛ ولا يوصى باستعمال قلم الشمع.</p><p><strong>البيع:</strong> شفرة واحدة.</p></div>";;;https://cdn.converty.shop/images/b374f363dd10a3110a503a6df118f866c665ad9243a33f1f7cf7e34ff801426a_lg.webp
Disque pour scie à panneaux ou scie circulaire industrielle — CMT 296.235.48M — aluminium, métaux non ferreux et panneaux stratifiés — 235 mm, 48 dents;CMT-296-235-48M;Aluminium;193.000;168.000;1;"<div class=""ck-content""><h2>Lame de scie circulaire CMT 296.235.48M — aluminium et métaux non ferreux</h2>
<p><strong>Référence exacte :</strong> CMT Orange Tools 296.235.48M. Lame industrielle à denture négative destinée à la coupe de l’aluminium et d’autres métaux non ferreux, ainsi qu’à certains matériaux durs et panneaux stratifiés compatibles.</p>
<p><strong>Caractéristiques :</strong> diamètre 235 mm, alésage 30 mm, 48 dents, géométrie TCG, angle d’attaque négatif de -6°, voie de coupe 2,8 mm, corps 2,2 mm et trous d’entraînement 2/7/42.</p>
<p><strong>Applications indiquées :</strong> aluminium, bronze et autres métaux non ferreux ; selon la machine et le matériau, stratifié, Trespa, PVC/plastique, MDF ou panneaux compatibles. La configuration négative est conçue pour une coupe contrôlée et une finition régulière sur les applications prévues.</p>
<p><strong>Conseil d’utilisation :</strong> vérifier impérativement le diamètre, l’alésage, les trous d’entraînement, la vitesse maximale de la machine et la compatibilité de la lame avant montage. Pour les grandes dimensions, CMT recommande un lubrifiant liquide et déconseille le bâton de cire.</p>
<p><strong>Vente :</strong> 1 lame.</p>
<hr><h3>التفاصيل بالعربية</h3><div dir=""rtl"" lang=""ar""><p><strong>شفرة منشار دائرية CMT 296.235.48M — للألمنيوم والمعادن غير الحديدية</strong></p><p><strong>المرجع الدقيق:</strong> CMT Orange Tools 296.235.48M. شفرة صناعية بأسنان سالبة مخصصة لقطع الألمنيوم والمعادن غير الحديدية، وكذلك بعض المواد الصلبة والألواح المصفحة المتوافقة.</p><p><strong>المواصفات:</strong> قطر 235 مم، فتحة داخلية 30 مم، 48 سناً، هندسة TCG، زاوية سالبة -6 درجات، عرض القطع 2.8 مم، سمك الجسم 2.2 مم، وثقوب تثبيت 2/7/42.</p><p><strong>الاستخدامات:</strong> الألمنيوم والنحاس والمعادن غير الحديدية الأخرى، وحسب الماكينة والمادة: اللامينيت وTrespa وPVC والبلاستيك وMDF وبعض الألواح المتوافقة. تساعد الوضعية السالبة على القطع المتحكم فيه والتشطيب المنتظم.</p><p><strong>نصيحة الاستعمال:</strong> يجب التأكد من القطر والفتحة وثقوب التثبيت وسرعة الماكينة وتوافق الشفرة قبل التركيب. بالنسبة للمقاسات الكبيرة، توصي CMT باستعمال مادة تشحيم سائلة ولا توصي بقلم الشمع.</p><p><strong>البيع:</strong> شفرة واحدة.</p></div></div>";;;https://cdn.converty.shop/images/3a1f1626d8f1dab22aa7a9cc97a77c693adc3f4850e47bbd52a37f213510dffc_lg.webp
Disque pour scie à panneaux ou scie circulaire industrielle — CMT 297.108.14M — aluminium, métaux non ferreux et panneaux stratifiés — 350 mm, 108 dents;CMT-297-108-14M;Aluminium;335.500;310.500;1;"<h2>Lame de scie circulaire CMT 297.108.14M — aluminium et métaux non ferreux</h2>
<p><strong>Référence exacte :</strong> CMT Orange Tools 297.108.14M. Lame industrielle à denture négative destinée à la coupe de l’aluminium et d’autres métaux non ferreux, ainsi qu’à certains matériaux durs et panneaux stratifiés compatibles.</p>
<p><strong>Caractéristiques :</strong> diamètre 350 mm, alésage 30 mm, 108 dents, géométrie TCG, angle d’attaque négatif de -6°, voie de coupe 3,6 mm, corps 3 mm et trous d’entraînement COMBI3. La vitesse maximale indiquée est de 4 500 tr/min.</p>
<p><strong>Applications indiquées :</strong> aluminium, métaux non ferreux et, selon la machine et le matériau, stratifié, Trespa, PVC/plastique, MDF ou panneaux compatibles. La denture négative favorise une coupe contrôlée et une finition régulière sur les applications prévues.</p>
<p><strong>Conseil d’utilisation :</strong> pour cette grande dimension, CMT recommande l’utilisation d’un lubrifiant liquide et déconseille le bâton de cire. Vérifier impérativement le diamètre, l’alésage, la fixation COMBI3, la vitesse maximale et la compatibilité de la machine avant montage.</p>
<p><strong>Vente :</strong> 1 lame.</p>
<hr><h3>التفاصيل بالعربية</h3><div dir=""rtl"" lang=""ar""><p><strong>شفرة منشار دائرية CMT 297.108.14M — للألمنيوم والمعادن غير الحديدية</strong></p><p><strong>المرجع الدقيق:</strong> CMT Orange Tools 297.108.14M. شفرة صناعية بأسنان سالبة مخصصة لقطع الألمنيوم والمعادن غير الحديدية، وكذلك بعض المواد الصلبة والألواح المصفحة المتوافقة.</p><p><strong>المواصفات:</strong> قطر 350 مم، فتحة داخلية 30 مم، 108 أسنان، هندسة TCG، زاوية سالبة -6 درجات، عرض القطع 3.6 مم، سمك الجسم 3 مم، وثقوب تثبيت COMBI3. السرعة القصوى الموضحة هي 4500 دورة في الدقيقة.</p><p><strong>الاستخدامات:</strong> الألمنيوم والمعادن غير الحديدية، وحسب الماكينة والمادة: اللامينيت وTrespa وPVC والبلاستيك وMDF وبعض الألواح المتوافقة. تساعد الأسنان السالبة على الحصول على قطع مضبوط وتشطيب منتظم في التطبيقات المناسبة.</p><p><strong>نصيحة الاستعمال:</strong> بالنسبة لهذا المقاس الكبير، توصي CMT باستعمال مادة تشحيم سائلة ولا توصي باستعمال قلم الشمع. يجب التأكد من القطر والفتحة وتثبيت COMBI3 والسرعة القصوى وتوافق الماكينة قبل التركيب.</p><p><strong>البيع:</strong> شفرة واحدة.</p></div>";;;https://cdn.converty.shop/images/41fec212b1ff3e625ddac7de20e4605db3621a737ed58e0f3595442114dcfec6_lg.webp
Inciseur pour scie à panneaux — CMT 288.120.24H — panneaux stratifiés et MDF — 120 mm, 24 dents;CMT-288-120-24H;CMT;163.500;138.500;2;"<div class=""ck-content""><h2>Inciseur conique CMT 288.120.24H pour scie à panneaux — panneaux stratifiés</h2>
<p><strong>Référence exacte :</strong> CMT 288.120.24H. Il s’agit d’un inciseur conique destiné à réaliser une incision propre et à limiter les éclats avant ou pendant la découpe de panneaux.</p>
<p><strong>Type de machine :</strong> accessoire de l’unité d’incision d’une scie à panneaux horizontale ou verticale compatible. Ce n’est pas la lame principale de débit, ce n’est pas une fraise de toupie et il n’est pas destiné à l’aluminium.</p>
<p><strong>Caractéristiques :</strong> diamètre 120 mm, alésage 20 mm, 24 dents, carbure micrograin, denture conique CO + 5° ATB et vitesse maximale indiquée de 12 700 tr/min. Vérifier la largeur d’incision, l’alésage, la vitesse et le système d’incision avant montage.</p>
<p><strong>Applications :</strong> incision sans éclats de panneaux stratifiés ou plastifiés, une ou deux faces, ainsi que de panneaux MDF compatibles.</p>
<p><strong>Vente :</strong> 1 inciseur.</p>
<hr><h3>التفاصيل بالعربية</h3><div dir=""rtl"" lang=""ar""><p><strong>شفرة تشطيب مخروطية CMT 288.120.24H لمنشار ألواح — للألواح المصفحة</strong></p><p><strong>المرجع الدقيق:</strong> CMT 288.120.24H. هذه شفرة تشطيب مخروطية مخصصة لعمل شق نظيف وتقليل التكسّر قبل أو أثناء قطع الألواح.</p><p><strong>نوع الماكينة:</strong> ملحق لوحدة التشطيب/الشق في منشار ألواح أفقي أو عمودي متوافق. ليست شفرة القطع الرئيسية، وليست فرازة توبية، وليست مخصصة للألمنيوم.</p><p><strong>المواصفات:</strong> قطر 120 مم، فتحة 20 مم، 24 سناً، كربيد دقيق، أسنان مخروطية CO + 5° ATB، والسرعة القصوى الموضحة 12700 دورة في الدقيقة. يجب التأكد من عرض الشق والفتحة والسرعة ونظام التشطيب قبل التركيب.</p><p><strong>الاستخدامات:</strong> عمل شق بدون تكسير في الألواح المصفحة أو المغطاة بالبلاستيك من جهة واحدة أو جهتين، وكذلك ألواح MDF المتوافقة.</p><p><strong>البيع:</strong> شفرة تشطيب واحدة.</p></div></div>";;;https://cdn.converty.shop/images/81b786e2dd7e2ea92b5ba87167e20884bf44a33f5aa91209db7724b558975a4b_lg.webp
Disque pour scie circulaire portative ou scie à onglet — CMT ITK Plus 272.190.42M — bois, MDF et aggloméré — 190 mm, 42 dents;CMT-272-190-42M;CMT;126.500;101.500;2;"<h2>Lame circulaire ultra-fine CMT ITK Plus 272.190.42M — scie portative et scie à onglet</h2>
<p><strong>Référence exacte :</strong> CMT ITK Plus 272.190.42M. Lame circulaire à voie fine pour scies portatives, sans fil, à onglet ou autres machines circulaires compatibles, destinée aux travaux de menuiserie et de chantier.</p>
<p><strong>Type de machine :</strong> lame de scie circulaire pour bois ; ce n’est pas une fraise de toupie et ce n’est pas une lame principale de scie à panneaux industrielle.</p>
<p><strong>Caractéristiques :</strong> diamètre 190 mm, alésage 30 mm, 42 dents, voie de coupe 1,7 mm, corps 1,1 mm, géométrie 10° ATB + 8° shear, angle d’attaque de 18° et vitesse maximale indiquée de 8 000 tr/min.</p>
<p><strong>Applications :</strong> bois, contreplaqué, OSB et aggloméré, selon la compatibilité de la machine. Elle n’est pas destinée à la coupe de l’aluminium, du métal ou de la maçonnerie.</p>
<p><strong>Vente :</strong> 1 lame. Contrôler l’alésage, la vitesse et la compatibilité avant montage.</p>
<hr><h3>التفاصيل بالعربية</h3><div dir=""rtl"" lang=""ar""><p><strong>شفرة منشار دائرية رفيعة جداً CMT ITK Plus 272.190.42M — للمنشار المحمول ومنشار التلسين</strong></p><p><strong>المرجع الدقيق:</strong> CMT ITK Plus 272.190.42M. شفرة رفيعة للمنشار الدائري والمناشير المحمولة واللاسلكية ومناشير التلسين أو أي ماكينة دائرية متوافقة، مخصصة لأعمال النجارة والورش.</p><p><strong>نوع الماكينة:</strong> شفرة منشار دائرية للخشب؛ ليست فرازة توبية وليست شفرة رئيسية صناعية لمنشار ألواح.</p><p><strong>المواصفات:</strong> قطر 190 مم، فتحة 30 مم، 42 سناً، عرض القطع 1.7 مم، سمك الجسم 1.1 مم، هندسة 10° ATB + 8° shear، زاوية ميل 18 درجة، والسرعة القصوى الموضحة 8000 دورة في الدقيقة.</p><p><strong>الاستخدامات:</strong> الخشب والخشب الرقائقي وOSB وألواح الجسيمات حسب توافق الماكينة. ليست مخصصة لقطع الألمنيوم أو المعادن أو مواد البناء.</p><p><strong>البيع:</strong> شفرة واحدة. يجب التأكد من الفتحة والسرعة وتوافق الماكينة قبل التركيب.</p></div>";;;https://cdn.converty.shop/images/9f0c899e5e46e61f52d9d7d414a6104a3fe717f3be5602a4270e9c07da617cf9_lg.webp
Disque pour scie à panneaux — CMT 283.096.12M — mélaminé, MDF et panneaux bois — 300 mm, 96 dents;CMT-283-096-12M;CMT;276.500;251.500;2;"<h2>Lame circulaire de finition pour panneaux CMT 283.096.12M — mélaminé</h2>
<p><strong>Référence exacte :</strong> CMT 283.096.12M. Lame circulaire industrielle de finition de la série 283, destinée au sciage propre de panneaux mélaminés et d’autres panneaux bois compatibles.</p>
<p><strong>Type de machine :</strong> lame de finition pour scie à panneaux ou autre machine de sciage circulaire compatible avec ses dimensions et sa fixation. Ce produit n’est pas une fraise de toupie et ne remplace pas l’inciseur de la machine.</p>
<p><strong>Caractéristiques :</strong> diamètre 300 mm, alésage 30 mm, 96 dents, géométrie Hi-ATB, voie de coupe 3,2 mm, corps 2,2 mm, carbure HW et vitesse maximale indiquée de 6 400 tr/min. Vérifier le diamètre, l’alésage, la fixation et la vitesse avant utilisation.</p>
<p><strong>Applications :</strong> mélaminé et panneaux nécessitant une finition régulière, sous réserve de la compatibilité de la machine.</p>
<p><strong>Vente :</strong> 1 lame. Cette référence est destinée au sciage de panneaux et au bois compatible ; elle n’est pas destinée à l’aluminium et n’est pas un outil de toupie.</p>
<hr><h3>التفاصيل بالعربية</h3><div dir=""rtl"" lang=""ar""><p><strong>شفرة دائرية لتشطيب الألواح CMT 283.096.12M — للميلامين</strong></p><p><strong>المرجع الدقيق:</strong> CMT 283.096.12M. شفرة دائرية صناعية للتشطيب من سلسلة 283، مخصصة لقطع ألواح الميلامين والألواح الخشبية المتوافقة بشكل نظيف.</p><p><strong>نوع الماكينة:</strong> شفرة تشطيب لمنشار ألواح أو ماكينة نشر دائرية متوافقة مع أبعادها وتثبيتها. هذا المنتج ليس فرازة توبية ولا يعوض شفرة التشطيب/الشق في الماكينة.</p><p><strong>المواصفات:</strong> قطر 300 مم، فتحة 30 مم، 96 سناً، هندسة Hi-ATB، عرض القطع 3.2 مم، سمك الجسم 2.2 مم، كربيد HW، والسرعة القصوى الموضحة 6400 دورة في الدقيقة. يجب التأكد من القطر والفتحة والتثبيت والسرعة قبل الاستعمال.</p><p><strong>الاستخدامات:</strong> الميلامين والألواح التي تحتاج إلى تشطيب منتظم، مع ضرورة التأكد من توافق الماكينة.</p><p><strong>البيع:</strong> شفرة واحدة. هذه المرجعية مخصصة لنشر الألواح والخشب المتوافق، وليست مخصصة للألمنيوم وليست أداة توبية.</p></div>";;;https://cdn.converty.shop/images/e7b92943884b67c7225dbd9203f5fbcb2423cfb1f83b2fad3b88f0d454fc5085_lg.webp
Disque pour scie à panneaux — CMT 281.096.12M — bois, MDF, mélaminé et panneaux stratifiés — 300 mm, 96 dents;CMT-281-096-12M;CMT;260.600;235.600;2;"<h2>Lame circulaire principale pour scie à panneaux CMT 281.096.12M — finition fine pour panneaux</h2>
<p><strong>Référence exacte :</strong> CMT 281.096.12M. Lame circulaire industrielle de la série 281.pos pour le dimensionnement de panneaux stratifiés, mélaminés, agglomérés et MDF compatibles.</p>
<p><strong>Type de machine :</strong> lame principale pour scie à panneaux ou autre machine de sciage circulaire compatible. Ce produit n’est pas une fraise de toupie et ne doit pas être confondu avec un inciseur.</p>
<p><strong>Caractéristiques :</strong> diamètre 300 mm, alésage 30 mm, 96 dents TCG, voie de coupe 3,2 mm, corps 2,2 mm, carbure micrograin et vitesse maximale indiquée de 6 400 tr/min. Le corps comporte des fentes destinées à limiter le bruit et les vibrations. Vérifier la compatibilité de la scie avant montage.</p>
<p><strong>Applications :</strong> mélaminé, aggloméré et autres panneaux bois compatibles, lorsque le diamètre, l’alésage et le régime de rotation correspondent à la machine.</p>
<p><strong>Vente :</strong> 1 lame. Respecter le sens de rotation, les protections et les consignes de sécurité.</p>
<hr><h3>التفاصيل بالعربية</h3><div dir=""rtl"" lang=""ar""><p><strong>شفرة دائرية رئيسية لمنشار ألواح CMT 281.096.12M — تشطيب دقيق للألواح</strong></p><p><strong>المرجع الدقيق:</strong> CMT 281.096.12M. شفرة دائرية صناعية من سلسلة 281.pos مخصصة لتقطيع وقياس الألواح المصفحة والميلامين وألواح الجسيمات وMDF المتوافقة.</p><p><strong>نوع الماكينة:</strong> شفرة رئيسية لمنشار ألواح أو ماكينة نشر دائرية متوافقة. هذا المنتج ليس فرازة توبية ولا يجب الخلط بينه وبين شفرة التشطيب/الشق.</p><p><strong>المواصفات:</strong> قطر 300 مم، فتحة 30 مم، 96 سناً بنظام TCG، عرض القطع 3.2 مم، سمك الجسم 2.2 مم، كربيد دقيق، والسرعة القصوى الموضحة 6400 دورة في الدقيقة. يحتوي الجسم على شقوق للمساعدة على تقليل الضجيج والاهتزاز. يجب التأكد من توافق المنشار قبل التركيب.</p><p><strong>الاستخدامات:</strong> الميلامين وألواح الجسيمات والألواح الخشبية المتوافقة عندما يتطابق القطر والفتحة وسرعة الدوران مع الماكينة.</p><p><strong>البيع:</strong> شفرة واحدة. يجب احترام اتجاه الدوران ووسائل الحماية وتعليمات السلامة.</p></div>";;;https://cdn.converty.shop/images/24c276cbf83ee80893f0064f016dfa77861f49d6bf2768a3cf26f0c2233726ab_lg.webp
Disque pour scie à panneaux — CMT Xtreme 281.072.12M — bois, MDF, mélaminé et panneaux stratifiés — 300 mm, 72 dents;CMT-281-072-12M;CMT;230.800;205.800;2;"<div class=""ck-content""><h2>Lame circulaire principale pour scie à panneaux CMT Xtreme 281.072.12M — panneaux bois</h2>
<p><strong>Référence exacte :</strong> CMT Xtreme 281.072.12M. Il s’agit d’une lame circulaire industrielle de la série 281.pos, destinée au dimensionnement et au calibrage de panneaux stratifiés, mélaminés, agglomérés et MDF compatibles.</p>
<p><strong>Type de machine :</strong> lame principale pour scie à panneaux ou autre machine de sciage circulaire compatible. Ce produit n’est pas une fraise de toupie et ne remplace pas un inciseur.</p>
<p><strong>Caractéristiques :</strong> diamètre 300 mm, alésage 30 mm, 72 dents TCG, voie de coupe 3,2 mm, corps 2,2 mm et vitesse maximale indiquée de 6 400 tr/min. Vérifier impérativement la machine, la fixation, le diamètre et le régime avant montage.</p>
<p><strong>Vente :</strong> 1 lame. Respecter le sens de rotation, les protections et les consignes de sécurité du fabricant.</p>
<hr><h3>التفاصيل بالعربية</h3><div dir=""rtl"" lang=""ar""><p><strong>شفرة دائرية رئيسية لمنشار ألواح CMT Xtreme 281.072.12M — للألواح الخشبية</strong></p><p><strong>المرجع الدقيق:</strong> CMT Xtreme 281.072.12M. هذه شفرة دائرية صناعية من سلسلة 281.pos مخصصة لتقطيع وقياس الألواح المصفحة والميلامين وألواح الجسيمات وMDF المتوافقة.</p><p><strong>نوع الماكينة:</strong> شفرة رئيسية لمنشار ألواح أو ماكينة نشر دائرية متوافقة. هذا المنتج ليس فرازة توبية ولا يعوض شفرة التشطيب/الشق الخاصة بالمنشار.</p><p><strong>المواصفات:</strong> قطر 300 مم، فتحة 30 مم، 72 سناً بنظام TCG، عرض القطع 3.2 مم، سمك الجسم 2.2 مم، والسرعة القصوى الموضحة 6400 دورة في الدقيقة. يجب التأكد من توافق الماكينة والتثبيت والقطر والسرعة قبل التركيب.</p><p><strong>البيع:</strong> شفرة واحدة. يجب احترام اتجاه الدوران ووسائل الحماية وتعليمات السلامة الخاصة بالماكينة.</p></div></div>";;;https://cdn.converty.shop/images/ce443de475f925a1681396ce4e4749579ec5820f6257097142306898c7658d58_lg.webp
Bosch 2608628375 — قطر الساق 8 مم — قطر القطع 14 مم — طول القطع الفعال 19,6 مم;BOSCH-2608628375;BOSCH;30.000;;1;"<div class=""ck-content""><p>Fraise droite Bosch PRO 2608628375 à deux dents en carbure, conçue pour réaliser des rainures, fentes, feuillures, demi-rainures et assemblages propres dans le bois et les matériaux dérivés du bois.</p><p>&nbsp;</p><p>CARACTÉRISTIQUES TECHNIQUES</p><p>&nbsp;</p><p>• Référence : 2 608 628 375 / 2608628375</p><p>• Type : fraise droite / fraise à rainurer à deux dents (Z2)</p><p>• Diamètre de queue S : 8 mm</p><p>• Diamètre de coupe D : 14 mm</p><p>• Longueur de coupe effective I : 19,6 mm</p><p>• Longueur totale G : 51 mm</p><p>• Roulement de guidage : sans roulement</p><p>• Conditionnement : 1 pièce</p><p>&nbsp;</p><p>UTILISATIONS</p><p>&nbsp;</p><p>Pour rainures, fentes, feuillures, demi-rainures et assemblages dans le bois tendre, le bois dur et les panneaux dérivés du bois. À utiliser avec une défonceuse compatible avec une queue de 8 mm, en respectant les réglages et les consignes de sécurité de la machine.</p><p>&nbsp;</p><p>فريزة مستقيمة Bosch PRO 2608628375 ذات سِنَّين من الكربيد، مخصصة لإنجاز الأخاديد والفتحات والأخاديد الجانبية والأخاديد النصفية والوصلات بدقة في الخشب والمواد الخشبية المشتقة.</p><p>&nbsp;</p><p>المواصفات التقنية</p><p>&nbsp;</p><p>• المرجع: 2 608 628 375 / 2608628375</p><p>• النوع: فريزة مستقيمة / فريزة أخاديد ذات سِنَّين (Z2)</p><p>• قطر الساق S: 8 مم</p><p>• قطر القطع D: 14 مم</p><p>• طول القطع الفعال I: 19,6 مم</p><p>• الطول الإجمالي G: 51 مم</p><p>• محمل التوجيه: بدون محمل</p><p>• التغليف: قطعة واحدة</p><p>&nbsp;</p><p>الاستخدامات</p><p>&nbsp;</p><p>لإنجاز الأخاديد والفتحات والأخاديد الجانبية والأخاديد النصفية والوصلات في الخشب اللين والخشب الصلب والألواح الخشبية المشتقة. تستعمل مع جهاز تفريز متوافق مع ساق 8 مم، مع احترام إعدادات الآلة وتعليمات السلامة.</p></div>";;;https://cdn.converty.shop/images/55035056156fd54cd51979098ac4340070cfec2d802857dc23e32081dbe194cd_lg.webp
Bosch 2608628383 — قطر الساق 8 مم — قطر القطع 10 مم — طول القطع الفعال 19,6 مم;BOSCH-2608628383;BOSCH;26.500;;1;"<div class=""ck-content""><p>Fraise droite Bosch PRO 2608628383 à deux dents en carbure, conçue pour réaliser des rainures, fentes, feuillures, demi-rainures et assemblages propres dans le bois et les matériaux dérivés du bois.</p><p>&nbsp;</p><p>CARACTÉRISTIQUES TECHNIQUES</p><p>&nbsp;</p><p>• Référence : 2 608 628 383 / 2608628383</p><p>• Type : fraise droite / fraise à rainurer à deux dents (Z2)</p><p>• Diamètre de queue S : 8 mm</p><p>• Diamètre de coupe D : 10 mm</p><p>• Longueur de coupe effective I : 19,6 mm</p><p>• Longueur totale G : 51 mm</p><p>• Roulement de guidage : sans roulement</p><p>• Conditionnement : 1 pièce</p><p>&nbsp;</p><p>UTILISATIONS</p><p>&nbsp;</p><p>Pour rainures, fentes, feuillures, demi-rainures et assemblages dans le bois tendre, le bois dur et les panneaux dérivés du bois. À utiliser avec une défonceuse compatible avec une queue de 8 mm, en respectant les réglages et les consignes de sécurité de la machine.</p><p>&nbsp;</p><p>فريزة مستقيمة Bosch PRO 2608628383 ذات سِنَّين من الكربيد، مخصصة لإنجاز الأخاديد والفتحات والأخاديد الجانبية والأخاديد النصفية والوصلات بدقة في الخشب والمواد الخشبية المشتقة.</p><p>&nbsp;</p><p>المواصفات التقنية</p><p>&nbsp;</p><p>• المرجع: 2 608 628 383 / 2608628383</p><p>• النوع: فريزة مستقيمة / فريزة أخاديد ذات سِنَّين (Z2)</p><p>• قطر الساق S: 8 مم</p><p>• قطر القطع D: 10 مم</p><p>• طول القطع الفعال I: 19,6 مم</p><p>• الطول الإجمالي G: 51 مم</p><p>• محمل التوجيه: بدون محمل</p><p>• التغليف: قطعة واحدة</p><p>&nbsp;</p><p>الاستخدامات</p><p>&nbsp;</p><p>لإنجاز الأخاديد والفتحات والأخاديد الجانبية والأخاديد النصفية والوصلات في الخشب اللين والخشب الصلب والألواح الخشبية المشتقة. تستعمل مع جهاز تفريز متوافق مع ساق 8 مم، مع احترام إعدادات الآلة وتعليمات السلامة.</p></div>";;;https://cdn.converty.shop/images/394432eba1710be137c82643f6fbd82c6b01a081aac2669fafa734600f04ad4e_lg.webp
Bosch 2608628392 — قطر الساق 8 مم — قطر القطع 25 مم — طول القطع الفعال 19,6 مم;BOSCH-2608628392;BOSCH;32.000;;1;"<div class=""ck-content""><p>Fraise droite Bosch PRO 2608628392 à deux dents en carbure, conçue pour réaliser des rainures, fentes, feuillures, demi-rainures et assemblages propres dans le bois et les matériaux dérivés du bois.</p><p>&nbsp;</p><p>CARACTÉRISTIQUES TECHNIQUES</p><p>&nbsp;</p><p>• Référence : 2 608 628 392 / 2608628392</p><p>• Type : fraise droite / fraise à rainurer à deux dents (Z2)</p><p>• Diamètre de queue S : 8 mm</p><p>• Diamètre de coupe D : 25 mm</p><p>• Longueur de coupe effective I : 19,6 mm</p><p>• Longueur totale G : 51 mm</p><p>• Roulement de guidage : sans roulement</p><p>• Conditionnement : 1 pièce</p><p>&nbsp;</p><p>UTILISATIONS</p><p>&nbsp;</p><p>Pour rainures, fentes, feuillures, demi-rainures et assemblages dans le bois tendre, le bois dur et les panneaux dérivés du bois. À utiliser avec une défonceuse compatible avec une queue de 8 mm, en respectant les réglages et les consignes de sécurité de la machine.</p><p>&nbsp;</p><p>فريزة مستقيمة Bosch PRO 2608628392 ذات سِنَّين من الكربيد، مخصصة لإنجاز الأخاديد والفتحات والأخاديد الجانبية والأخاديد النصفية والوصلات بدقة في الخشب والمواد الخشبية المشتقة.</p><p>&nbsp;</p><p>المواصفات التقنية</p><p>&nbsp;</p><p>• المرجع: 2 608 628 392 / 2608628392</p><p>• النوع: فريزة مستقيمة / فريزة أخاديد ذات سِنَّين (Z2)</p><p>• قطر الساق S: 8 مم</p><p>• قطر القطع D: 25 مم</p><p>• طول القطع الفعال I: 19,6 مم</p><p>• الطول الإجمالي G: 51 مم</p><p>• محمل التوجيه: بدون محمل</p><p>• التغليف: قطعة واحدة</p><p>&nbsp;</p><p>الاستخدامات</p><p>&nbsp;</p><p>لإنجاز الأخاديد والفتحات والأخاديد الجانبية والأخاديد النصفية والوصلات في الخشب اللين والخشب الصلب والألواح الخشبية المشتقة. تستعمل مع جهاز تفريز متوافق مع ساق 8 مم، مع احترام إعدادات الآلة وتعليمات السلامة.</p></div>";;;https://cdn.converty.shop/images/f1d8ef3897278b02105ad72cb5239eacb3ba810e71cbc13705536031f93b09e4_lg.webp
Bosch 2608628391 — قطر الساق 8 مم — قطر القطع 22 مم — طول القطع الفعال 25 مم;BOSCH-2608628391;BOSCH;30.900;;1;"<div class=""ck-content""><p>Fraise droite Bosch 2608628391 — قطر الساق 8 مم — قطر القطع 22 مم — طول القطع الفعال 25 مم</p><p>&nbsp;</p><p>Cette fraise droite Bosch PRO à deux dents en carbure HM/TC est conçue pour réaliser des rainures, fentes, feuillures, demi-rainures et assemblages propres dans le bois et les matériaux dérivés du bois.</p><p>&nbsp;</p><p>CARACTÉRISTIQUES TECHNIQUES</p><p>&nbsp;</p><p>• Référence : 2 608 628 391 / 2608628391</p><p>• Type : fraise droite / fraise à rainurer à deux dents</p><p>• Diamètre de queue S : 8 mm</p><p>• Diamètre de coupe D : 22 mm</p><p>• Longueur de coupe effective I : 25 mm (24,6 mm selon certains fournisseurs)</p><p>• Longueur totale G : 56 mm</p><p>• Roulement de guidage : sans roulement</p><p>• Conditionnement : 1 pièce</p><p>&nbsp;</p><p>UTILISATIONS</p><p>&nbsp;</p><p>Rainures, fentes, feuillures, demi-rainures et assemblages dans le bois tendre, le bois dur et les panneaux dérivés du bois. Utiliser avec une défonceuse compatible avec une queue de 8 mm et respecter les réglages ainsi que les consignes de sécurité de la machine.</p><p>&nbsp;</p><p>فريزة مستقيمة Bosch 2608628391 — قطر الساق 8 مم — قطر القطع 22 مم — طول القطع الفعال 25 مم</p><p>&nbsp;</p><p>فريزة Bosch مستقيمة ذات سِنَّين من كربيد HM/TC، مخصصة لإنجاز الأخاديد والفتحات والأخاديد الجانبية والوصلات بدقة في الخشب والمواد الخشبية المشتقة.</p><p>&nbsp;</p><p>المواصفات التقنية</p><p>&nbsp;</p><p>• المرجع: 2 608 628 391 / 2608628391</p><p>• النوع: فريزة مستقيمة / فريزة أخاديد ذات سِنَّين</p><p>• قطر الساق S: 8 مم</p><p>• قطر القطع D: 22 مم</p><p>• طول القطع الفعال I: 25 مم (24.6 مم حسب بعض الموردين)</p><p>• الطول الإجمالي G: 56 مم</p><p>• محمل التوجيه: بدون محمل</p><p>• التغليف: قطعة واحدة</p><p>&nbsp;</p><p>الاستخدامات</p><p>&nbsp;</p><p>إنجاز الأخاديد والفتحات والأخاديد الجانبية والأخاديد النصفية والوصلات في الخشب اللين والخشب الصلب والألواح الخشبية المشتقة. تستعمل مع جهاز تفريز متوافق مع ساق 8 مم، مع احترام إعدادات الآلة وتعليمات السلامة.</p></div>";;;https://cdn.converty.shop/images/58911456953cf824ea5f07c95eb49583f3c02255d83630fda50245a2a55ea109_lg.webp
Bosch 2608628377 — قطر الساق 8 مم — قطر القطع 4 مم — طول القطع الفعال 8 مم;BOSCH-2608628377;BOSCH;24.000;;1;"<div class=""ck-content""><p>Fraise droite Bosch 2608628377 — قطر الساق 8 مم — قطر القطع 4 مم — طول القطع الفعال 8 مم</p><p>&nbsp;</p><p>Cette fraise droite Bosch PRO / Standard for Wood à une dent en carbure HM/TC est conçue pour réaliser des rainures, fentes et assemblages propres dans le bois et les matériaux dérivés du bois.</p><p>&nbsp;</p><p>CARACTÉRISTIQUES TECHNIQUES</p><p>&nbsp;</p><p>• Référence : 2 608 628 377 / 2608628377</p><p>• Type : fraise droite / fraise à rainurer à une dent</p><p>• Diamètre de queue S : 8 mm</p><p>• Diamètre de coupe D : 4 mm</p><p>• Longueur de coupe effective I : 8 mm</p><p>• Longueur totale G : 51 mm</p><p>• Roulement de guidage : sans roulement</p><p>• Conditionnement : 1 pièce</p><p>&nbsp;</p><p>UTILISATIONS</p><p>&nbsp;</p><p>Rainures, petites fentes, feuillures et assemblages dans le bois tendre, le bois dur et les panneaux dérivés du bois. Utiliser avec une défonceuse compatible avec une queue de 8 mm et respecter les réglages ainsi que les consignes de sécurité de la machine.</p><p>&nbsp;</p><p>فريزة مستقيمة Bosch 2608628377 — قطر الساق 8 مم — قطر القطع 4 مم — طول القطع الفعال 8 مم</p><p>&nbsp;</p><p>فريزة Bosch مستقيمة ذات سن واحد من كربيد HM/TC، مخصصة لإنجاز الأخاديد والفتحات الصغيرة والوصلات بدقة في الخشب والمواد الخشبية المشتقة.</p><p>&nbsp;</p><p>المواصفات التقنية</p><p>&nbsp;</p><p>• المرجع: 2 608 628 377 / 2608628377</p><p>• النوع: فريزة مستقيمة / فريزة أخاديد ذات سن واحد</p><p>• قطر الساق S: 8 مم</p><p>• قطر القطع D: 4 مم</p><p>• طول القطع الفعال I: 8 مم</p><p>• الطول الإجمالي G: 51 مم</p><p>• محمل التوجيه: بدون محمل</p><p>• التغليف: قطعة واحدة</p><p>&nbsp;</p><p>الاستخدامات</p><p>&nbsp;</p><p>إنجاز الأخاديد والفتحات الصغيرة والأخاديد النصفية والوصلات في الخشب اللين والخشب الصلب والألواح الخشبية المشتقة. تستعمل مع جهاز تفريز متوافق مع ساق 8 مم، مع احترام إعدادات الآلة وتعليمات السلامة.</p></div>";;;https://cdn.converty.shop/images/41325ca144df55695b301d4072a52809d8d8eac7ceb2df5f439d559e2baee600_lg.webp
Bosch 2608628376 — قطر الساق 8 مم — قطر القطع 3 مم — طول القطع الفعال 8 مم;BOSCH-2608628376;BOSCH;22.500;;1;"<div class=""ck-content""><p>Fraise droite Bosch 2608628376 — قطر الساق 8 مم — قطر القطع 3 مم — طول القطع الفعال 8 مم</p><p>&nbsp;</p><p>Cette fraise droite Bosch PRO / Standard for Wood à une dent en carbure HM/TC est conçue pour réaliser de petites rainures, fentes et assemblages propres dans le bois et les matériaux dérivés du bois.</p><p>&nbsp;</p><p>CARACTÉRISTIQUES TECHNIQUES</p><p>&nbsp;</p><p>• Référence : 2 608 628 376 / 2608628376</p><p>• Type : fraise droite / fraise à rainurer à une dent</p><p>• Diamètre de queue S : 8 mm</p><p>• Diamètre de coupe D : 3 mm</p><p>• Longueur de coupe effective I : 8 mm</p><p>• Longueur totale G : 51 mm</p><p>• Roulement de guidage : sans roulement</p><p>• Conditionnement : 1 pièce</p><p>&nbsp;</p><p>UTILISATIONS</p><p>&nbsp;</p><p>Petites rainures, fentes, feuillures et assemblages dans le bois tendre, le bois dur et les panneaux dérivés du bois. Utiliser avec une défonceuse compatible avec une queue de 8 mm et respecter les réglages ainsi que les consignes de sécurité de la machine.</p><p>&nbsp;</p><p>فريزة مستقيمة Bosch 2608628376 — قطر الساق 8 مم — قطر القطع 3 مم — طول القطع الفعال 8 مم</p><p>&nbsp;</p><p>فريزة Bosch مستقيمة ذات سن واحد من كربيد HM/TC، مخصصة لإنجاز الأخاديد والفتحات الصغيرة والوصلات بدقة في الخشب والمواد الخشبية المشتقة.</p><p>&nbsp;</p><p>المواصفات التقنية</p><p>&nbsp;</p><p>• المرجع: 2 608 628 376 / 2608628376</p><p>• النوع: فريزة مستقيمة / فريزة أخاديد ذات سن واحد</p><p>• قطر الساق S: 8 مم</p><p>• قطر القطع D: 3 مم</p><p>• طول القطع الفعال I: 8 مم</p><p>• الطول الإجمالي G: 51 مم</p><p>• محمل التوجيه: بدون محمل</p><p>• التغليف: قطعة واحدة</p><p>&nbsp;</p><p>الاستخدامات</p><p>&nbsp;</p><p>إنجاز الأخاديد والفتحات الصغيرة والوصلات في الخشب اللين والخشب الصلب والألواح الخشبية المشتقة. تستعمل مع جهاز تفريز متوافق مع ساق 8 مم، مع احترام إعدادات الآلة وتعليمات السلامة.</p></div>";;;https://cdn.converty.shop/images/7d8ff82efc77d4ef49db57f0fc7a1b157067b2074a812fe5b8383dde6816013f_lg.webp
Bosch 2608628441 — قطر الساق 6 مم — قطر القطع 8 مم — طول القطع الفعال 19,6 مم;BOSCH-2608628441;BOSCH;24.000;;1;"<div class=""ck-content""><p>Fraise droite Bosch 2608628441 — قطر الساق 6 مم — قطر القطع 8 مم — طول القطع الفعال 19,6 مم</p><p>&nbsp;</p><p>Cette fraise droite Bosch Standard for Wood à deux dents en carbure HM/TC est conçue pour réaliser des rainures, fentes, demi-rainures et assemblages propres dans le bois tendre, le bois dur et les panneaux dérivés du bois.</p><p>&nbsp;</p><p>CARACTÉRISTIQUES TECHNIQUES</p><p>&nbsp;</p><p>• Référence : 2 608 628 441 / 2608628441</p><p>• Type : fraise droite / fraise à rainurer à deux dents</p><p>• Diamètre de queue S : 6 mm</p><p>• Diamètre de coupe D : 8 mm</p><p>• Longueur de coupe effective I : 19,6 mm</p><p>• Longueur totale G : 51 mm</p><p>• Roulement de guidage : sans roulement</p><p>• Conditionnement : 1 pièce</p><p>&nbsp;</p><p>UTILISATIONS</p><p>&nbsp;</p><p>Rainurage, petites fentes, demi-rainures et assemblages dans le bois tendre, le bois dur et les matériaux dérivés du bois. Utiliser avec une défonceuse compatible avec une queue de 6 mm et respecter les réglages ainsi que les consignes de sécurité de la machine.</p><p>&nbsp;</p><p>فريزة مستقيمة Bosch 2608628441 — قطر الساق 6 مم — قطر القطع 8 مم — طول القطع الفعال 19.6 مم</p><p>&nbsp;</p><p>فريزة Bosch مستقيمة ذات حدّين من كربيد HM/TC، مخصصة لإنجاز الأخاديد والفتحات الصغيرة والأخاديد النصفية والوصلات بدقة في الخشب اللين والخشب الصلب والألواح والمواد الخشبية المشتقة.</p><p>&nbsp;</p><p>المواصفات التقنية</p><p>&nbsp;</p><p>• المرجع: 2 608 628 441 / 2608628441</p><p>• النوع: فريزة مستقيمة / فريزة أخاديد ذات حدّين</p><p>• قطر الساق S: 6 مم</p><p>• قطر القطع D: 8 مم</p><p>• طول القطع الفعال I: 19.6 مم</p><p>• الطول الإجمالي G: 51 مم</p><p>• محمل التوجيه: بدون محمل</p><p>• التغليف: قطعة واحدة</p><p>&nbsp;</p><p>الاستخدامات</p><p>&nbsp;</p><p>إنجاز الأخاديد والفتحات الصغيرة والأخاديد النصفية والوصلات في الخشب اللين والخشب الصلب والمواد الخشبية المشتقة. تستعمل مع جهاز تفريز متوافق مع ساق 6 مم، مع احترام إعدادات الآلة وتعليمات السلامة.</p></div>";;;https://cdn.converty.shop/images/d3cef738b7076243967ba32f8ab09e7a45a2df6818bf6f585c52220f5700f5ed_lg.webp
Fraise droite Bosch 2608628378 — 5 mm — Queue 8 mm;BOSCH-2608628378;BOSCH;22.000;;1;"<div class=""ck-content""><p>Fraise droite Bosch 2608628378 — 5 mm — queue 8 mm</p><p>&nbsp;</p><p>Fraise Bosch à une dent en carbure HM/TC, conçue pour réaliser des petites rainures, fentes et feuillures propres dans le bois et les matériaux dérivés. Elle convient aux défonceuses portatives, sous table et aux machines CNC équipées d’une queue cylindrique de 8 mm.</p><p>&nbsp;</p><p>CARACTÉRISTIQUES TECHNIQUES</p><p>• Référence : 2 608 628 378 / 2608628378</p><p>• Type : fraise droite à une dent</p><p>• Diamètre de coupe D : 5 mm</p><p>• Longueur utile I : 12,7 mm</p><p>• Longueur totale G : 51 mm</p><p>• Diamètre de queue S : 8 mm</p><p>• Roulement de guidage : sans roulement</p><p>• Conditionnement : 1 pièce</p><p>&nbsp;</p><p>UTILISATIONS</p><p>Rainurage de précision, petites fentes, feuillures et petits assemblages dans le bois tendre, le bois dur et les panneaux dérivés du bois. Respecter les réglages et les consignes de sécurité de la machine.</p><p>&nbsp;</p><p>فريزة مستقيمة Bosch 2608628378 — قطر 5 مم — ساق 8 مم</p><p>&nbsp;</p><p>فريزة Bosch مستقيمة ذات سن واحد ومصنوعة من كربيد HM/TC، مخصصة لإنجاز الأخاديد الصغيرة والفتحات والحواف بدقة في الخشب والمواد المشتقة منه. تناسب أجهزة التفريز المحمولة، وآلات التفريز تحت الطاولة، وآلات CNC المزودة بساق أسطوانية 8 مم.</p><p>&nbsp;</p><p>المواصفات التقنية</p><p>• المرجع: 2 608 628 378 / 2608628378</p><p>• النوع: فريزة مستقيمة ذات سن واحد</p><p>• قطر القطع D: 5 مم</p><p>• طول القطع الفعال I: 12.7 مم</p><p>• الطول الإجمالي G: 51 مم</p><p>• قطر الساق S: 8 مم</p><p>• محمل التوجيه: بدون محمل</p><p>• التغليف: قطعة واحدة</p><p>&nbsp;</p><p>الاستخدامات</p><p>إنجاز الأخاديد الدقيقة والفتحات الصغيرة والحواف والوصلات في الخشب اللين والخشب الصلب والألواح الخشبية المشتقة. يرجى احترام إعدادات الآلة وتعليمات السلامة.</p></div>";;;https://cdn.converty.shop/images/41325ca144df55695b301d4072a52809d8d8eac7ceb2df5f439d559e2baee600_lg.webp
Fraise à rainurer en V Bosch 2608628406 — 60° — Queue 8 mm;BOSCH-2608628406;BOSCH;25.000;;1;"<div class=""ck-content""><p>Fraise à rainurer en V Bosch 2608628406 — 60° — Queue 8 mm</p><p>&nbsp;</p><p>DESCRIPTION — FRANÇAIS</p><p>&nbsp;</p><p>Fraise PRO Bosch à rainure en V à 60°, référence 2608628406, avec queue de 8 mm. Elle est conçue pour réaliser des rainures en V étroites et précises, des rainures décoratives fines, du lettrage et des chanfreins avec guide latéral dans le bois tendre, le bois dur et les panneaux dérivés du bois. Elle convient aux défonceuses compatibles avec une queue de 8 mm, portatives ou montées sur table.</p><p>&nbsp;</p><p>Caractéristiques techniques : référence Bosch 2608628406 ; type : fraise à rainure en V ; angle : 60° ; diamètre de coupe D : 11 mm ; longueur utile L : 13,7 mm ; longueur totale G : 45 mm ; diamètre de queue S : 8 mm ; sans roulement de guidage ; tranchants en carbure pour une coupe précise et durable.</p><p>&nbsp;</p><p>Conseil d’utilisation : vérifier la compatibilité de la défonceuse avec une queue de 8 mm, insérer la queue jusqu’à la profondeur minimale recommandée, fixer correctement la pièce et effectuer les passes avec une vitesse adaptée au matériau.</p><p>&nbsp;</p><p>الوصف — العربية</p><p>&nbsp;</p><p>ريشة تفريز Bosch ذات أخدود على شكل حرف V بزاوية 60 درجة — المرجع 2608628406 — ساق 8 مم</p><p>&nbsp;</p><p>ريشة PRO من Bosch بأخدود V بزاوية 60 درجة، تحمل المرجع 2608628406 ومجهزة بساق قطرها 8 مم. صُممت لإنجاز أخاديد V ضيقة ودقيقة، والأخاديد الزخرفية الرفيعة، والكتابة والشطف باستخدام دليل جانبي في الخشب اللين والخشب الصلب والألواح الخشبية المشتقة. تناسب أجهزة التفريز المتوافقة مع ساق 8 مم، سواء كانت محمولة أو مثبتة على الطاولة.</p><p>&nbsp;</p><p>المواصفات التقنية: المرجع Bosch 2608628406؛ النوع: ريشة تفريز بأخدود V؛ الزاوية: 60 درجة؛ قطر القطع D: 11 مم؛ الطول المفيد L: 13.7 مم؛ الطول الإجمالي G: 45 مم؛ قطر الساق S: 8 مم؛ بدون رولمان توجيه؛ قواطع من الكربيد للحصول على قطع دقيق ومتين.</p><p>&nbsp;</p><p>نصيحة الاستعمال: يجب التأكد من توافق ماكينة التفريز مع ساق 8 مم، وإدخال الساق إلى الحد الأدنى الموصى به، وتثبيت قطعة العمل جيداً، وتنفيذ التمريرات بسرعة مناسبة لنوع المادة.</p></div>";;;https://cdn.converty.shop/images/699d9831d1b485f689f728221f8f25af85126ff46749c8c1f63dcdf7e18cbf99_lg.webp
Fraise à rainurer en V Bosch 2608628447 — 90° — Queue 6 mm;BOSCH-2608628447;BOSCH;23.000;;1;"<div class=""ck-content""><p>Fraise à rainure en V Bosch 2608628447 — 90° — Queue 6 mm</p><p>&nbsp;</p><p>DESCRIPTION — FRANÇAIS</p><p>&nbsp;</p><p>Fraise PRO Bosch à rainure en V à 90°, référence 2608628447, avec queue de 6 mm. Elle est conçue pour réaliser des rainures en V précises dans le bois, des rainures décoratives fines, du lettrage et des chanfreins. Elle convient aux défonceuses compatibles avec une queue de 6 mm, portatives ou montées sur table.</p><p>&nbsp;</p><p>Caractéristiques techniques : référence Bosch 2608628447 ; type : fraise à rainure en V ; angle : 90° ; diamètre de queue S : 6 mm ; tranchants adaptés au travail du bois.</p><p>&nbsp;</p><p>Conseil d’utilisation : vérifier la compatibilité de la défonceuse avec une queue de 6 mm, insérer la queue jusqu’à la profondeur minimale recommandée, fixer correctement la pièce et effectuer les passes avec une vitesse adaptée au matériau.</p><p>&nbsp;</p><p>الوصف — العربية</p><p>&nbsp;</p><p>ريشة تفريز Bosch ذات أخدود على شكل حرف V بزاوية 90 درجة — المرجع 2608628447 — ساق 6 مم</p><p>&nbsp;</p><p>ريشة PRO من Bosch بأخدود V بزاوية 90 درجة، تحمل المرجع 2608628447 ومجهزة بساق قطرها 6 مم. صُممت لإنجاز أخاديد V دقيقة في الخشب، والأخاديد الزخرفية الرفيعة، والكتابة والشطف. تناسب أجهزة التفريز المتوافقة مع ساق 6 مم، سواء كانت محمولة أو مثبتة على الطاولة.</p><p>&nbsp;</p><p>المواصفات التقنية: المرجع Bosch 2608628447؛ النوع: ريشة تفريز بأخدود V؛ الزاوية: 90 درجة؛ قطر الساق S: 6 مم؛ قواطع مناسبة للعمل على الخشب.</p><p>&nbsp;</p><p>نصيحة الاستعمال: يجب التأكد من توافق ماكينة التفريز مع ساق 6 مم، وإدخال الساق إلى الحد الأدنى الموصى به، وتثبيت قطعة العمل جيداً، وتنفيذ التمريرات بسرعة مناسبة لنوع المادة.</p></div>";;;https://cdn.converty.shop/images/654c55306619e9351d7bc0d4f58898d65802e9b6446006bc95d130901441053b_lg.webp
Fraise à rainurer en V Bosch 2608628407 — 90° — Queue 8 mm;BOSCH-2608628407;BOSCH;29.500;;1;"<div class=""ck-content""><p>Fraise à rainure en V Bosch 2608628407 — 90° — Queue 8 mm</p><p>&nbsp;</p><p>DESCRIPTION — FRANÇAIS</p><p>&nbsp;</p><p>Fraise PRO Bosch à rainure en V à 90°, référence 2608628407, avec queue de 8 mm. Elle est conçue pour réaliser des rainures en V précises dans le bois, des rainures décoratives fines, du lettrage et des chanfreins. Elle convient aux défonceuses compatibles avec une queue de 8 mm, portatives ou montées sur table.</p><p>&nbsp;</p><p>Caractéristiques techniques : référence Bosch 2608628407 ; type : fraise à rainure en V ; angle : 90° ; diamètre de coupe D : 16 mm ; longueur utile L : 15,7 mm ; longueur totale G : 45 mm ; diamètre de queue S : 8 mm ; sans roulement de guidage ; tranchants en carbure pour une coupe précise et régulière.</p><p>&nbsp;</p><p>Conseil d’utilisation : vérifier la compatibilité de la défonceuse avec une queue de 8 mm, insérer la queue jusqu’à la profondeur minimale recommandée, fixer correctement la pièce et effectuer les passes avec une vitesse adaptée au matériau.</p><p>&nbsp;</p><p>الوصف — العربية</p><p>&nbsp;</p><p>ريشة تفريز Bosch ذات أخدود على شكل حرف V بزاوية 90 درجة — المرجع 2608628407 — ساق 8 مم</p><p>&nbsp;</p><p>ريشة PRO من Bosch بأخدود V بزاوية 90 درجة، تحمل المرجع 2608628407 ومجهزة بساق قطرها 8 مم. صُممت لإنجاز أخاديد V دقيقة في الخشب، والأخاديد الزخرفية الرفيعة، والكتابة والشطف. تناسب أجهزة التفريز المتوافقة مع ساق 8 مم، سواء كانت محمولة أو مثبتة على الطاولة.</p><p>&nbsp;</p><p>المواصفات التقنية: المرجع Bosch 2608628407؛ النوع: ريشة تفريز بأخدود V؛ الزاوية: 90 درجة؛ قطر القطع D: 16 مم؛ الطول المفيد L: 15.7 مم؛ الطول الإجمالي G: 45 مم؛ قطر الساق S: 8 مم؛ بدون رولمان توجيه؛ قواطع من الكربيد للحصول على قطع دقيق ومنتظم.</p><p>&nbsp;</p><p>نصيحة الاستعمال: يجب التأكد من توافق ماكينة التفريز مع ساق 8 مم، وإدخال الساق إلى الحد الأدنى الموصى به، وتثبيت قطعة العمل جيداً، وتنفيذ التمريرات بسرعة مناسبة لنوع المادة.</p></div>";;;https://cdn.converty.shop/images/33322a16fd89a51667f108dfe4ace80ff7555354dbf3d4802329388956fe7e11_lg.webp
Fraise à arrondir Bosch 2608628341 — R8 mm — Queue 8 mm;BOSCH-2608628341;BOSCH;35.500;;1;"<div class=""ck-content""><p>Fraise à arrondir Bosch 2608628341 — rayon R8 mm</p><p>&nbsp;</p><p>DESCRIPTION — FRANÇAIS</p><p>&nbsp;</p><p>Fraise de profilage Bosch avec roulement de guidage, conçue pour arrondir les chants et réaliser des profils décoratifs dans le bois tendre, le bois dur et les matériaux dérivés du bois. Elle convient aux travaux de menuiserie, d’agencement et de finition avec une défonceuse compatible avec une queue de 8 mm.</p><p>&nbsp;</p><p>Caractéristiques techniques : référence Bosch 2608628341 ; type : fraise à arrondir avec roulement à billes ; rayon de profilage R1 : 8 mm ; diamètre de coupe : 28,7 mm ; longueur utile / longueur de coupe : 15,2 mm ; longueur totale G : 53 mm ; diamètre de queue : 8 mm ; deux tranchants en carbure pour une coupe régulière et une bonne durabilité.</p><p>&nbsp;</p><p>Conseil d’utilisation : vérifier la compatibilité de la défonceuse et de la queue de 8 mm, fixer correctement la pièce et effectuer les passes avec des réglages adaptés au matériau et à la profondeur de travail.</p><p>&nbsp;</p><p>الوصف — العربية</p><p>&nbsp;</p><p>ريشة تدوير الحواف Bosch 2608628341 — نصف قطر R8 مم</p><p>&nbsp;</p><p>ريشة تشكيل من Bosch مزودة برولمان توجيه، مخصّصة لتدوير حواف الخشب وإنجاز تشكيلات زخرفية في الخشب اللين والخشب الصلب والمواد المشتقة من الخشب. تناسب أعمال النجارة والتجهيز والتشطيب مع ماكينة تفريز متوافقة مع ساق قطرها 8 مم.</p><p>&nbsp;</p><p>المواصفات التقنية: المرجع Bosch 2608628341؛ النوع: ريشة تدوير الحواف مع رولمان توجيه؛ نصف قطر التشكيل R1: 8 مم؛ قطر القطع: 28.7 مم؛ الطول المفيد / طول القطع: 15.2 مم؛ الطول الإجمالي G: 53 مم؛ قطر الساق: 8 مم؛ قاطعان من الكربيد للحصول على قطع منتظم ومتانة جيدة.</p><p>&nbsp;</p><p>نصيحة الاستعمال: يجب التأكد من توافق ماكينة التفريز مع ساق 8 مم، وتثبيت قطعة العمل جيداً، وتنفيذ التمريرات بإعدادات مناسبة لنوع المادة وعمق التشغيل.</p></div>";;;https://cdn.converty.shop/images/fc261464be2340f48a0b38876b32536c9a24b7c54e79e9dbb42f11ccf14afe3f_lg.webp
Fraise à arrondir Bosch 2608628343 — R12 mm — Queue 8 mm;BOSCH-2608628343;BOSCH;42.000;;1;"<div class=""ck-content""><p>Fraise à arrondir Bosch 2608628343 — rayon R12 mm</p><p>&nbsp;</p><p>DESCRIPTION — FRANÇAIS</p><p>&nbsp;</p><p>Fraise de profilage Bosch conçue pour arrondir les chants et réaliser des profils décoratifs dans le bois tendre, le bois dur et les matériaux dérivés du bois. Elle convient à une défonceuse compatible avec une queue de 8 mm.</p><p>&nbsp;</p><p>Caractéristiques techniques : référence Bosch 2608628343 ; type : fraise à arrondir ; rayon de profilage R1 : 12 mm ; diamètre de coupe : 36,7 mm ; longueur utile / longueur de coupe : environ 18,6 à 19 mm ; longueur totale G : 60 mm ; diamètre de queue : 8 mm ; tranchants en carbure pour une coupe régulière et une bonne durabilité.</p><p>&nbsp;</p><p>Conseil d’utilisation : vérifier la compatibilité de la défonceuse et de la queue de 8 mm, fixer correctement la pièce et effectuer les passes avec des réglages adaptés au matériau et à la profondeur de travail.</p><p>&nbsp;</p><p>الوصف — العربية</p><p>&nbsp;</p><p>ريشة تدوير الحواف Bosch 2608628343 — نصف قطر R12 مم</p><p>&nbsp;</p><p>ريشة تشكيل من Bosch مخصّصة لتدوير حواف الخشب وإنجاز تشكيلات زخرفية في الخشب اللين والخشب الصلب والمواد المشتقة من الخشب. تناسب ماكينة تفريز متوافقة مع ساق قطرها 8 مم.</p><p>&nbsp;</p><p>المواصفات التقنية: المرجع Bosch 2608628343؛ النوع: ريشة تدوير الحواف؛ نصف قطر التشكيل R1: 12 مم؛ قطر القطع: 36.7 مم؛ الطول المفيد / طول القطع: حوالي 18.6 إلى 19 مم؛ الطول الإجمالي G: 60 مم؛ قطر الساق: 8 مم؛ قواطع من الكربيد للحصول على قطع منتظم ومتانة جيدة.</p><p>&nbsp;</p><p>نصيحة الاستعمال: يجب التأكد من توافق ماكينة التفريز مع ساق 8 مم، وتثبيت قطعة العمل جيداً، وتنفيذ التمريرات بإعدادات مناسبة لنوع المادة وعمق التشغيل.</p></div>";;;https://cdn.converty.shop/images/d6c45405da474da7dd17b9e9ba1def7470f4635d1982c730c3a35f39d94a2871_lg.webp
Fraise à chanfreiner Bosch 2608628448 — 45° — Queue 6 mm;BOSCH-2608628448;BOSCH;28.500;;1;"<div class=""ck-content""><p>Fraise à chanfreiner Bosch 2608628448 — angle 45°</p><p>&nbsp;</p><p>DESCRIPTION — FRANÇAIS</p><p>&nbsp;</p><p>Fraise de profilage Bosch destinée à réaliser des chanfreins réguliers à 45° sur les chants et les arêtes du bois et des matériaux dérivés du bois. Elle convient aux travaux de menuiserie, d’agencement et de finition avec une défonceuse compatible avec une queue de 6 mm.</p><p>&nbsp;</p><p>Caractéristiques techniques : référence Bosch 2608628448 ; angle de coupe 45° ; diamètre de coupe D1 : 34,9 mm ; largeur de coupe B : 11,1 mm ; longueur de coupe / hauteur de travail : 14,7 mm ; longueur totale G : 56 mm ; diamètre de queue : 6 mm ; conception en carbure pour une coupe régulière dans le bois.</p><p>&nbsp;</p><p>Conseil d’utilisation : vérifier la compatibilité de la défonceuse, fixer correctement la pièce et travailler avec des réglages adaptés au matériau et à la profondeur de passe.</p><p>&nbsp;</p><p>الوصف — العربية</p><p>&nbsp;</p><p>ريشة تشطير Bosch 2608628448 — زاوية 45 درجة</p><p>&nbsp;</p><p>ريشة تشكيل من Bosch مخصّصة لإنجاز شطفات منتظمة بزاوية 45 درجة على حواف الخشب والمواد المشتقة منه. تناسب أعمال النجارة والتجهيز والتشطيب مع ماكينة تفريز متوافقة مع ساق قطرها 6 مم.</p><p>&nbsp;</p><p>المواصفات التقنية: المرجع Bosch 2608628448؛ زاوية القطع 45°؛ قطر القطع D1: 34.9 مم؛ عرض القطع B: 11.1 مم؛ طول القطع / ارتفاع العمل: 14.7 مم؛ الطول الإجمالي G: 56 مم؛ قطر الساق: 6 مم؛ تصميم من الكربيد للحصول على قطع منتظم في الخشب.</p><p>&nbsp;</p><p>نصيحة الاستعمال: يجب التأكد من توافق الريشة مع ماكينة التفريز، وتثبيت قطعة العمل جيداً، وضبط سرعة الدوران وعمق القطع حسب نوع المادة.</p></div>";;;https://cdn.converty.shop/images/4a39b0ab61019292b4b463fad801e712943758c62e22e5f7fd38c43d8df32e66_lg.webp
Disque pour scie de table ou scie circulaire portative — Bosch Eco for Wood 2608644407 — bois/MDF — 254 mm, 60 dents;BOSCH-2608644407;BOSCH;97.000;;1;"<h2>Lame de scie circulaire Bosch Eco for Wood — 254 mm, 60 dents</h2>
<p><strong>Référence exacte :</strong> Bosch Eco for Wood 2 608 644 407, également identifiée comme 2608644407. Lame circulaire à dents en carbure destinée à la coupe du bois et aux applications de sciage compatibles.</p>
<p><strong>Caractéristiques visibles et confirmées :</strong> diamètre 254 mm, 60 dents, largeur de coupe environ 3,0 mm, corps environ 2,0 mm, alésage 30 mm avec bague de réduction à 25,4 mm selon la configuration, et vitesse maximale visible de 6 000 tr/min.</p>
<p><strong>Type de machine :</strong> lame pour scie circulaire, notamment scie de table ou scie portative compatible. Elle n’est pas une fraise de toupie et ce n’est pas un inciseur de scie à panneaux. Vérifier impérativement le diamètre, l’alésage, la bague utilisée, la fixation, la vitesse et la notice de la machine avant montage.</p>
<p><strong>Applications :</strong> bois tendre, bois dur, contreplaqué, MDF et autres matériaux bois compatibles lorsque la machine et les réglages le permettent. Les dents affûtées sont conçues pour favoriser une coupe régulière dans le bois.</p>
<p><strong>Vente :</strong> 1 lame.</p>
<hr><h3>التفاصيل بالعربية</h3><div dir=""rtl"" lang=""ar""><p><strong>شفرة منشار دائرية Bosch Eco for Wood — قطر 254 مم، 60 سناً</strong></p><p><strong>المرجع الدقيق:</strong> Bosch Eco for Wood 2 608 644 407، والمعروف أيضاً بالرمز 2608644407. شفرة دائرية بأسنان من الكربيد مخصصة لقطع الخشب وتطبيقات النشر المتوافقة.</p><p><strong>المواصفات الظاهرة والمؤكدة:</strong> القطر 254 مم، 60 سناً، عرض القطع حوالي 3.0 مم، سمك الجسم حوالي 2.0 مم، فتحة داخلية 30 مم مع إمكانية استعمال حلقة تخفيض إلى 25.4 مم حسب الإعداد، والسرعة القصوى الظاهرة 6000 دورة في الدقيقة.</p><p><strong>نوع الماكينة:</strong> شفرة لمنشار دائري، وخاصة منشار الطاولة أو المنشار المحمول المتوافق. ليست فرازة توبية وليست شفرة تشطيب/شق خاصة بمنشار الألواح. يجب التأكد قبل التركيب من القطر والفتحة وحلقة التخفيض المستعملة والتثبيت والسرعة وتعليمات الماكينة.</p><p><strong>الاستخدامات:</strong> الخشب اللين والخشب الصلب والخشب الرقائقي وMDF والمواد الخشبية المتوافقة عندما تسمح الماكينة والإعدادات بذلك. صُممت الأسنان المشحوذة للمساعدة على الحصول على قطع منتظم في الخشب.</p><p><strong>البيع:</strong> شفرة واحدة.</p></div>";;;https://cdn.converty.shop/images/4441bb6afc1fa207c85b0d5d6992f69fdc14f94791e9d6959530e918515b84c4_lg.webp
Disque pour scie circulaire portative — Bosch Optiline Wood 2608640886 — bois/MDF — 235 mm, 40 dents;BOSCH-2608640886;BOSCH;75.000;;1;"<h2>Lame de scie circulaire Bosch Optiline Wood — 235 mm, 40 dents</h2>
<p><strong>Référence exacte :</strong> Bosch Optiline Wood 2 608 640 886, également identifiée comme 2608640886. Lame circulaire à dents en carbure destinée à la coupe du bois et aux applications de sciage compatibles.</p>
<p><strong>Caractéristiques visibles et vérifiées :</strong> diamètre 235 mm, 40 dents, alésage nominal 25 mm avec bagues/réductions indiquées 20 mm, 16 mm et 15,8 mm selon la configuration, voie de coupe environ 2,5 mm, corps environ 1,8 mm et vitesse maximale visible de 6 500 tr/min.</p>
<p><strong>Type de machine :</strong> lame pour scie circulaire, notamment scie portative ou autre scie circulaire compatible. Elle n’est pas une fraise de toupie et ce n’est pas un inciseur de scie à panneaux. Vérifier impérativement le diamètre, l’alésage, la bague utilisée, la fixation, la vitesse et la notice de la machine avant montage.</p>
<p><strong>Applications :</strong> bois tendre, bois dur, contreplaqué, MDF stratifié, panneaux de particules et autres matériaux bois compatibles lorsque la machine et les réglages le permettent. Les dents affûtées en carbure favorisent une coupe propre et régulière.</p>
<p><strong>Vente :</strong> 1 lame.</p>
<hr><h3>التفاصيل بالعربية</h3><div dir=""rtl"" lang=""ar""><p><strong>شفرة منشار دائرية Bosch Optiline Wood — قطر 235 مم، 40 سناً</strong></p><p><strong>المرجع الدقيق:</strong> Bosch Optiline Wood 2 608 640 886، والمعروف أيضاً بالرمز 2608640886. شفرة دائرية بأسنان من الكربيد مخصصة لقطع الخشب وتطبيقات النشر المتوافقة.</p><p><strong>المواصفات الظاهرة والمتحقق منها:</strong> القطر 235 مم، 40 سناً، فتحة داخلية اسمية 25 مم مع حلقات/تخفيضات موضحة بمقاسات 20 مم و16 مم و15.8 مم حسب الإعداد، عرض القطع حوالي 2.5 مم، سمك الجسم حوالي 1.8 مم، والسرعة القصوى الظاهرة 6500 دورة في الدقيقة.</p><p><strong>نوع الماكينة:</strong> شفرة لمنشار دائري، وخاصة المنشار المحمول أو أي منشار دائري متوافق. ليست فرازة توبية وليست شفرة تشطيب/شق خاصة بمنشار الألواح. يجب التأكد قبل التركيب من القطر والفتحة وحلقة التخفيض المستعملة والتثبيت والسرعة وتعليمات الماكينة.</p><p><strong>الاستخدامات:</strong> الخشب اللين والخشب الصلب والخشب الرقائقي وMDF المغطى وألواح الجسيمات والمواد الخشبية المتوافقة عندما تسمح الماكينة والإعدادات بذلك. تساعد أسنان الكربيد المشحوذة على الحصول على قطع نظيف ومنتظم.</p><p><strong>البيع:</strong> شفرة واحدة.</p></div>";;;https://cdn.converty.shop/images/83b2e20fa2edd9c81dc6b8b4ad9deb17623ea09ffd501ed073490ba946d708d9_lg.webp
Disque pour scie de table — Bosch Eco for Wood 2608644409 — bois — 305 mm, 40 dents;BOSCH-2608644409;BOSCH;125.000;;1;"<h2>Lame de scie circulaire Bosch Eco for Wood — 305 mm, 40 dents</h2>
<p><strong>Référence exacte :</strong> Bosch 2 608 644 409, également identifiée comme 2608644409 / 644.409. Lame circulaire Bosch Eco for Wood destinée à la coupe du bois et aux applications de sciage compatibles.</p>
<p><strong>Caractéristiques visibles et confirmées :</strong> diamètre 305 mm, 40 dents, largeur de coupe environ 3,2 mm, corps environ 2,2 mm, alésage 30 mm avec possibilité de réduction à 25,4 mm selon la configuration, et vitesse maximale visible de 5 000 tr/min.</p>
<p><strong>Type de machine :</strong> lame pour scie circulaire, notamment scie de table compatible. Elle n’est pas une fraise de toupie et ne doit pas être confondue avec un inciseur de scie à panneaux. Une utilisation sur une autre machine n’est possible que si le diamètre, l’alésage, la fixation, la vitesse et la notice de la machine l’autorisent.</p>
<p><strong>Utilisation :</strong> bois et matériaux bois compatibles. Les dents affûtées sont conçues pour favoriser une coupe régulière dans le bois. Vérifier impérativement la compatibilité avant montage.</p>
<p><strong>Vente :</strong> 1 lame.</p>
<hr><h3>التفاصيل بالعربية</h3><div dir=""rtl"" lang=""ar""><p><strong>شفرة منشار دائرية Bosch Eco for Wood — قطر 305 مم، 40 سناً</strong></p><p><strong>المرجع الدقيق:</strong> Bosch 2 608 644 409، والمعروف أيضاً بالرموز 2608644409 / 644.409. شفرة دائرية Bosch Eco for Wood مخصصة لقطع الخشب وتطبيقات النشر المتوافقة.</p><p><strong>المواصفات الظاهرة والمؤكدة:</strong> القطر 305 مم، 40 سناً، عرض القطع حوالي 3.2 مم، سمك الجسم حوالي 2.2 مم، فتحة داخلية 30 مم مع إمكانية استعمال حلقة تخفيض إلى 25.4 مم حسب الإعداد، والسرعة القصوى الظاهرة 5000 دورة في الدقيقة.</p><p><strong>نوع الماكينة:</strong> شفرة لمنشار دائري، وخاصة منشار الطاولة المتوافق. ليست فرازة توبية ولا يجب الخلط بينها وبين شفرة التشطيب/الشق الخاصة بمنشار الألواح. لا يمكن استعمالها على ماكينة أخرى إلا بعد التأكد من توافق القطر والفتحة والتثبيت والسرعة وتعليمات الماكينة.</p><p><strong>الاستعمال:</strong> الخشب والمواد الخشبية المتوافقة. صُممت الأسنان المشحوذة للمساعدة على الحصول على قطع منتظم في الخشب. يجب التأكد من التوافق قبل التركيب.</p><p><strong>البيع:</strong> شفرة واحدة.</p></div>";;;https://cdn.converty.shop/images/24b307e9920d0624a9483e944fb65548a01b5cf4f4ef7d5b133be6dfa8ed4f16_lg.webp
Disque pour scie circulaire — Forézienne MFLS LC2002408M — bois — 200 mm, 24 dents;FOREZIENNE-LC2002408M;Quincaillerie;145.000;;1;"<h2>Lame de scie circulaire Forézienne MFLS LC2002408M — bois</h2>
<p><strong>Référence exacte :</strong> Forézienne MFLS LC2002408M. Lame circulaire carbure destinée au travail du bois et aux applications de menuiserie compatibles.</p>
<p><strong>Caractéristiques visibles sur l’emballage :</strong> diamètre 200 mm, 24 dents, alésage 50 mm, largeur de coupe environ 2,8 mm et corps environ 1,8 mm. Les indications visibles sur l’emballage mentionnent « Bois / Wood ».</p>
<p><strong>Utilisation :</strong> adaptée aux travaux de coupe du bois lorsque le diamètre, l’alésage, la vitesse et la fixation correspondent aux spécifications de la machine. Toujours vérifier la compatibilité avant le montage.</p>
<p><strong>Important :</strong> la géométrie détaillée des dents et la vitesse maximale ne sont pas renseignées ici faute d’une fiche technique complète confirmée pour cette référence. Respecter les indications gravées sur la lame, la notice de la machine et les règles de sécurité.</p>
<p><strong>Vente :</strong> 1 lame.</p>
<hr><h3>التفاصيل بالعربية</h3><div dir=""rtl"" lang=""ar""><p><strong>شفرة منشار دائرية Forézienne MFLS LC2002408M — للخشب</strong></p><p><strong>المرجع الدقيق:</strong> Forézienne MFLS LC2002408M. شفرة دائرية من الكربيد مخصصة للعمل على الخشب وتطبيقات النجارة المتوافقة.</p><p><strong>المواصفات الظاهرة على الغلاف:</strong> قطر 200 مم، 24 سناً، فتحة داخلية 50 مم، عرض قطع يقارب 2.8 مم وسمك جسم يقارب 1.8 مم. تظهر على الغلاف عبارة « Bois / Wood ».</p><p><strong>الاستعمال:</strong> مناسبة لقطع الخشب عندما يتوافق القطر والفتحة والسرعة وطريقة التثبيت مع مواصفات الماكينة. يجب التأكد من التوافق قبل التركيب.</p><p><strong>مهم:</strong> لم يتم إدراج هندسة الأسنان والسرعة القصوى لعدم توفر ورقة تقنية كاملة مؤكدة لهذا المرجع. يجب احترام المعلومات المحفورة على الشفرة وتعليمات الماكينة وقواعد السلامة.</p><p><strong>البيع:</strong> شفرة واحدة.</p></div>";;;https://cdn.converty.shop/images/e1a8da27b1ff3b07fbf321682e1fa1fe339dff2cf47dc7c131126ee2fe6b4a41_lg.webp
Charnière de meuble à piston 3D — 1 cm;CH-AMORTIE-1CM;Quincaillerie;2.250;;2500;"<div class=""ck-content""><h2>Charnière de meuble à fermeture amortie — 1 cm</h2><p>Charnière métallique destinée aux portes de meubles, éléments de cuisine, dressing et rangements. Son mécanisme avec amortissement accompagne la fermeture de la porte et contribue à réduire les claquements.</p><p>Cette fiche correspond au modèle <strong>1 cm</strong>. Le produit est vendu par lots fixes selon l’offre choisie.</p><p><strong>Tarifs et totaux :</strong></p><ul><li>1 pièce : <strong>2,250 DT au total</strong>, soit 2,250 DT par pièce</li><li>100 pièces : <strong>200 DT au total</strong>, soit 2,000 DT par pièce</li><li>1 000 pièces : <strong>1 900 DT au total</strong>, soit 1,900 DT par pièce</li></ul><p><strong>Avant commande :</strong> vérifier le diamètre de cuvette, l’angle d’ouverture, le type de recouvrement, l’entraxe des fixations et la compatibilité de la platine avec votre porte. La visserie n’est pas annoncée comme incluse.</p><hr><h3>التفاصيل بالعربية</h3><div dir=""rtl"" lang=""ar""><p><strong>مفصلة أثاث مع إغلاق هادئ — قياس 1 سم</strong></p><p>مفصلة معدنية لأبواب الأثاث وخزائن المطبخ وخزائن الملابس ووحدات التخزين. تساعد آلية التخميد على إغلاق الباب بهدوء وتقليل الضجيج.</p><p>هذه الصفحة خاصة بنموذج <strong>1 سم</strong>. البيع حسب العرض والكمية المختارة.</p><p><strong>الأسعار والمجموع:</strong></p><ul><li>قطعة واحدة: <strong>2.250 دينار للمجموع</strong></li><li>100 قطعة: <strong>200 دينار للمجموع</strong>، أي 2.000 دينار للقطعة</li><li>1000 قطعة: <strong>1900 دينار للمجموع</strong>، أي 1.900 دينار للقطعة</li></ul><p><strong>قبل الطلب:</strong> يرجى التأكد من قطر كوب المفصلة وزاوية الفتح ونوع التغطية والمسافة بين ثقوب التثبيت وتوافق قاعدة التركيب مع الباب. لم يتم الإعلان عن شمول البراغي ضمن المنتج.</p></div></div>";;;https://cdn.converty.shop/images/2519c246d362f5d6d5ef18daa4c73b961b4f58a924ee138443a6a0b0399862a9_lg.webp
Charnière de meuble à piston 3D — 1,5 cm;CH-AMORTIE-15CM;Quincaillerie;2.250;;2500;"<div class=""ck-content""><h2>Charnière de meuble à fermeture amortie — 1,5 cm</h2><p>Charnière métallique destinée aux portes de meubles, éléments de cuisine, dressing et rangements. Son mécanisme avec amortissement accompagne la fermeture de la porte et contribue à réduire les claquements.</p><p>Cette fiche correspond au modèle <strong>1,5 cm</strong>. Le produit est vendu par lots fixes selon l’offre choisie.</p><p><strong>Tarifs et totaux :</strong></p><ul><li>1 pièce : <strong>2,250 DT au total</strong>, soit 2,250 DT par pièce</li><li>100 pièces : <strong>200 DT au total</strong>, soit 2,000 DT par pièce</li><li>1 000 pièces : <strong>1 900 DT au total</strong>, soit 1,900 DT par pièce</li></ul><p><strong>Avant commande :</strong> vérifier le diamètre de cuvette, l’angle d’ouverture, le type de recouvrement, l’entraxe des fixations et la compatibilité de la platine avec votre porte. La visserie n’est pas annoncée comme incluse.</p><hr><h3>التفاصيل بالعربية</h3><div dir=""rtl"" lang=""ar""><p><strong>مفصلة أثاث مع إغلاق هادئ — قياس 1.5 سم</strong></p><p>مفصلة معدنية لأبواب الأثاث وخزائن المطبخ وخزائن الملابس ووحدات التخزين. تساعد آلية التخميد على إغلاق الباب بهدوء وتقليل الضجيج.</p><p>هذه الصفحة خاصة بنموذج <strong>1.5 سم</strong>. البيع حسب العرض والكمية المختارة.</p><p><strong>الأسعار والمجموع:</strong></p><ul><li>قطعة واحدة: <strong>2.250 دينار للمجموع</strong></li><li>100 قطعة: <strong>200 دينار للمجموع</strong>، أي 2.000 دينار للقطعة</li><li>1000 قطعة: <strong>1900 دينار للمجموع</strong>، أي 1.900 دينار للقطعة</li></ul><p><strong>قبل الطلب:</strong> يرجى التأكد من قطر كوب المفصلة وزاوية الفتح ونوع التغطية والمسافة بين ثقوب التثبيت وتوافق قاعدة التركيب مع الباب. لم يتم الإعلان عن شمول البراغي ضمن المنتج.</p></div></div>";;;https://cdn.converty.shop/images/2519c246d362f5d6d5ef18daa4c73b961b4f58a924ee138443a6a0b0399862a9_lg.webp
Machine FEMI RT400 — toupie / fraiseuse verticale sur table pour bois — fraises 6, 8 ou 12 mm;FEMI-RT400;Machine;1600.000;;1;"<div class=""ck-content""><h2>Machine FEMI RT400 — toupie / fraiseuse verticale sur table</h2>
<p><strong>Référence :</strong> FEMI RT400 — code article 8451020.</p>
<p>Fraiseuse verticale de table, également appelée toupie sur table, destinée aux travaux de fraisage du bois en atelier. Elle possède une table en aluminium moulé sous pression et des extensions latérales en acier.</p>
<p><strong>Caractéristiques :</strong> réglage de hauteur des fraises de 0 à 40 mm, réglage de la vitesse de rotation du moteur, table de travail de 610 × 360 mm et compatibilité avec des fraises à queue de 6, 8 ou 12 mm.</p>
<p><strong>Équipement standard :</strong> rapporteur coulissant, extensions latérales droite et gauche et raccord d’aspiration. Vérifier le diamètre de queue, la fixation, la vitesse, la fraise utilisée et la notice FEMI avant chaque opération.</p>
<hr><h3>التفاصيل بالعربية</h3><div dir=""rtl"" lang=""ar""><p><strong>ماكينة FEMI RT400 — فرازة عمودية / توبية على الطاولة للخشب</strong></p><p><strong>المرجع:</strong> FEMI RT400 — رمز المنتج 8451020.</p><p>فرازة عمودية على الطاولة، وتسمى أيضاً توبية الطاولة، مخصصة لأعمال تفريز الخشب في الورشة. تحتوي على طاولة من الألومنيوم المصبوب وامتدادات جانبية من الفولاذ.</p><p><strong>المواصفات:</strong> ضبط ارتفاع الفرايز من 0 إلى 40 مم، ضبط سرعة دوران المحرك، طاولة عمل 610 × 360 مم، وإمكانية استعمال فرايز بذيول 6 أو 8 أو 12 مم.</p><p><strong>التجهيز القياسي:</strong> مقياس زاوية منزلق، امتدادات جانبية يميناً ويساراً ووصلة شفط. يجب التأكد من قطر الذيل والتثبيت والسرعة والفرازة المستعملة وتعليمات FEMI قبل كل عملية.</p></div></div>";;;https://cdn.converty.shop/images/ef2bc8574f4b44c272ef57ca04a93b973f20816c70f8999ddda282a102322aa0_lg.webp
Machine FEMI TS 36-528 — scie circulaire sur table pour bois et panneaux — 2 000 W, lame 315 mm;FEMI-TS36-528;Machine;1895.000;;1;"<h2>Machine FEMI TS 36-528 — scie circulaire sur table</h2>
<p><strong>Référence :</strong> FEMI TS 36-528 — code article 8450026.</p>
<p>Banc de scie circulaire pour couper des planches et des panneaux en bois en atelier ou sur chantier, avec table et extension pour soutenir et faire glisser les pièces.</p>
<p><strong>Caractéristiques :</strong> moteur à induction de 2 000 W, alimentation monophasée 230 V / 50 Hz, lame de 315 mm, vitesse de 2 800 tr/min, poids de 46 kg, table de travail de 800 × 550 mm et extension latérale de 800 × 400 mm. Hauteur de coupe maximale de 83 mm à 0° et de 49 mm à 45°. La lame avec inserts Widia est inclinable jusqu’à 45°.</p>
<p>La base est équipée de poignées et de roues pour faciliter le déplacement. L’équipement standard comprend la lame, le guide parallèle, les poignées, l’extension de table et les roues.</p>
<p><strong>Important :</strong> cette machine est destinée au bois et aux panneaux compatibles. Vérifier la lame, le guide, la protection, la stabilité de la pièce et la notice FEMI avant utilisation.</p>
<hr><h3>التفاصيل بالعربية</h3><div dir=""rtl"" lang=""ar""><p><strong>ماكينة FEMI TS 36-528 — منشار دائري على الطاولة للخشب والألواح</strong></p><p><strong>المرجع:</strong> FEMI TS 36-528 — رمز المنتج 8450026.</p><p>منشار دائري على الطاولة لقطع ألواح وخشب في الورشة أو موقع العمل، مع طاولة وامتداد لدعم القطع وتحريكها.</p><p><strong>المواصفات:</strong> محرك حثي بقوة 2000 واط، تغذية أحادية الطور 230 فولت / 50 هرتز، شفرة بقطر 315 مم، سرعة 2800 دورة في الدقيقة، وزن 46 كغ، طاولة عمل 800 × 550 مم وامتداد جانبي 800 × 400 مم. أقصى ارتفاع للقطع 83 مم عند 0° و49 مم عند 45°. الشفرة ذات أسنان Widia قابلة للإمالة حتى 45°.</p><p>القاعدة مجهزة بمقابض وعجلات لتسهيل النقل. التجهيز القياسي يشمل الشفرة والحاجز الموازي والمقابض وامتداد الطاولة والعجلات.</p><p><strong>تنبيه:</strong> الماكينة مخصصة للخشب والألواح المتوافقة. يجب التأكد من الشفرة والحاجز ووسائل الحماية وثبات القطعة وتعليمات FEMI قبل الاستعمال.</p></div>";;;https://cdn.converty.shop/images/ff6d11df7e2ac1fc715e56f44ce30fbbde9297e839435f5ad66ede95426ebd7a_lg.webp
Machine FEMI PF 204 Cyclone — raboteuse-dégauchisseuse combinée pour bois — 1 500 W;FEMI-PF204-CYCLONE;Machine;1980.000;;1;"<h2>Machine FEMI PF 204 Cyclone — raboteuse-dégauchisseuse combinée</h2>
<p><strong>Référence :</strong> FEMI PF 204 Cyclone — code article 8446122.</p>
<p>Machine combinée pour le travail du bois : dégauchissage à plat et rabotage en épaisseur, avec système intégré d’aspiration des poussières.</p>
<p><strong>Caractéristiques :</strong> moteur de 1 500 W, alimentation 230 V / 50 Hz, vitesse de 8 000 tr/min, poids de 28 kg et lames de 210 × 20 mm. Largeur maximale de rabotage à plat : 210 mm, réglage de profondeur de 0 à 2 mm, table supérieure de 744 × 210 mm. Largeur maximale en rabotage d’épaisseur : 204 mm, épaisseur maximale : 120 mm, réglage de 0 à 2 mm et vitesse d’avance de 8 m/min.</p>
<p><strong>Équipement standard :</strong> kit de courroie de rechange, pousse-bois, goulotte d’aspiration, deux lames et sac collecteur de poussière. Utiliser la machine avec une pièce stable et respecter la notice et les protections prévues.</p>
<hr><h3>التفاصيل بالعربية</h3><div dir=""rtl"" lang=""ar""><p><strong>ماكينة FEMI PF 204 Cyclone — آلة تسوية وتخانة مركبة للخشب</strong></p><p><strong>المرجع:</strong> FEMI PF 204 Cyclone — رمز المنتج 8446122.</p><p>ماكينة مركبة لأعمال الخشب: تسوية السطح وتسوية السماكة، مع نظام مدمج لشفط الغبار.</p><p><strong>المواصفات:</strong> محرك بقوة 1500 واط، تغذية 230 فولت / 50 هرتز، سرعة 8000 دورة في الدقيقة، وزن 28 كغ، وشفرات بمقاس 210 × 20 مم. أقصى عرض للتسوية السطحية 210 مم، وضبط العمق من 0 إلى 2 مم، وطاولة علوية 744 × 210 مم. أقصى عرض لتسوية السماكة 204 مم، وأقصى سماكة 120 مم، وضبط من 0 إلى 2 مم، وسرعة تغذية 8 م/دقيقة.</p><p><strong>التجهيز القياسي:</strong> مجموعة حزام احتياطي، دافع للخشب، قناة شفط، شفرتان وكيس لجمع الغبار. يجب استعمال قطعة مستقرة واحترام تعليمات الماكينة ووسائل الحماية.</p></div>";;;https://cdn.converty.shop/images/934290315067d01c277904c2ae600ac20c7181b2eaafcc11b5126f6c31e0ce63_lg.webp
Machine FEMI 305S — scie à onglet avec table supérieure pour bois et aluminium — 1 400 W, lame 305 mm;FEMI-305S;Machine;2350.000;;1;"<h2>Machine FEMI 305S — scie à onglet avec table supérieure</h2>
<p><strong>Référence :</strong> FEMI 305S — code article 8438022.</p>
<p>Scie à onglet avec table supérieure pour les travaux de coupe du bois et de l’aluminium avec la lame et les réglages adaptés au matériau.</p>
<p><strong>Caractéristiques :</strong> moteur à induction de 1 400 W, alimentation 230 V / 50 Hz, lame de 305 mm, vitesse de 3 000 tr/min, poids de 29 kg et hauteur de coupe à la table supérieure de 66 mm. Capacité maximale de 170 × 78 mm à 0°, 116 × 78 mm à 45° droite/gauche, 170 × 62 mm en coupe inclinée et 95 × 62 mm en coupe composée.</p>
<p>La table pivotante se déplace sur roulements et l’angle de coupe est réglable de 0° à 45° à droite et à gauche. La structure est renforcée et la protection frontale de lame est en tôle.</p>
<p><strong>Équipement standard :</strong> lame avec inserts Widia, butée réglable pour les coupes en série, jeu de clés, protection supplémentaire et pousse-bois. Vérifier impérativement la lame appropriée, la vitesse et la notice avant une coupe dans l’aluminium.</p>
<hr><h3>التفاصيل بالعربية</h3><div dir=""rtl"" lang=""ar""><p><strong>ماكينة FEMI 305S — منشار زاوية مع طاولة علوية</strong></p><p><strong>المرجع:</strong> FEMI 305S — رمز المنتج 8438022.</p><p>منشار زاوية مع طاولة علوية لأعمال قطع الخشب والألومنيوم عند استعمال الشفرة والإعدادات المناسبة للمادة.</p><p><strong>المواصفات:</strong> محرك حثي بقوة 1400 واط، تغذية 230 فولت / 50 هرتز، شفرة بقطر 305 مم، سرعة 3000 دورة في الدقيقة، وزن 29 كغ، وارتفاع قطع على الطاولة العلوية 66 مم. قدرة القص القصوى 170 × 78 مم عند 0°، و116 × 78 مم عند 45° يميناً ويساراً، و170 × 62 مم للقطع المائل، و95 × 62 مم للقطع المركب.</p><p>تتحرك الطاولة الدوارة على محامل، ويمكن ضبط زاوية القطع من 0° إلى 45° يميناً ويساراً. الهيكل متين وواقي الشفرة الأمامي مصنوع من الصفائح المعدنية.</p><p><strong>التجهيز القياسي:</strong> شفرة بأسنان من كربيد Widia، حاجز قابل للضبط للقطع المتكرر، مجموعة مفاتيح، واقٍ إضافي ودافع للخشب. يجب التأكد من الشفرة والسرعة وتعليمات الماكينة قبل قطع الألومنيوم.</p></div>";;;https://cdn.converty.shop/images/4b46b2928acadb9f4dd1c7b77c97b2b19af72c36e7dfee6ce1c9b1e87fd16087_lg.webp
Machine FEMI TR 1030 DB/A — tronçonneuse radiale à double biseau pour bois — 2 000 W, lame 305 mm;FEMI-TR1030DBA;Machine;1750.000;;1;"<h2>Machine FEMI TR 1030 DB/A — tronçonneuse radiale pour bois</h2>
<p><strong>Référence :</strong> FEMI TR 1030 DB/A — code article 8435033.</p>
<p>Tronçonneuse radiale coulissante à double biseau pour la coupe du bois. Elle convient aux coupes droites, d’onglet, inclinées et composées lorsque la lame, la pièce et les réglages sont compatibles.</p>
<p><strong>Caractéristiques :</strong> moteur universel de 2 000 W avec transmission par courroie, lame de 305 mm, capacité maximale de 340 × 120 mm à 0°, 240 × 102 mm à 45° droite/gauche, 340 × 48 mm en coupe inclinée et 340 × 40 mm en coupe composée. Table orientable avec positions 0°, 15°, 22,5°, 30° et 45°, double inclinaison jusqu’à 45° à droite et à gauche, laser et éclairage intégrés à la poignée, extensions latérales en aluminium et serre-joint vertical.</p>
<p><strong>Équipement standard :</strong> serre-joint vertical et frontal, sac collecteur de poussière, jeu de clés et jeu de balais moteur. Poids annoncé : 23 kg.</p>
<p><strong>Important :</strong> vérifier le diamètre de lame, l’alésage, la fixation, la vitesse, la stabilité de la pièce et la notice FEMI avant utilisation.</p>
<hr><h3>التفاصيل بالعربية</h3><div dir=""rtl"" lang=""ar""><p><strong>ماكينة FEMI TR 1030 DB/A — منشار ترددي شعاعي مزدوج الميل لقطع الخشب</strong></p><p><strong>المرجع:</strong> FEMI TR 1030 DB/A — رمز المنتج 8435033.</p><p>منشار شعاعي منزلق بميل مزدوج لقطع الخشب. يمكن استعماله للقطع المستقيم وقطع الزوايا والقطع المائل والمركب عندما تكون الشفرة والقطعة والإعدادات متوافقة.</p><p><strong>المواصفات:</strong> محرك عام بقوة 2000 واط مع ناقل حركة بالحزام، شفرة بقطر 305 مم، قدرة قص قصوى 340 × 120 مم عند 0°، و240 × 102 مم عند 45° يميناً ويساراً، و340 × 48 مم للقطع المائل، و340 × 40 مم للقطع المركب. طاولة دوارة بمواضع 0° و15° و22.5° و30° و45°، وميل مزدوج حتى 45° يميناً ويساراً، وليزر وإضاءة مدمجان في المقبض، وامتدادات جانبية من الألومنيوم ومشبك عمودي.</p><p><strong>التجهيز القياسي:</strong> مشبك عمودي وأمامي، كيس لجمع الغبار، مجموعة مفاتيح ومجموعة فحمات للمحرك. الوزن المعلن 23 كغ.</p><p><strong>تنبيه:</strong> يجب التأكد من قطر الشفرة وفتحتها وطريقة تثبيتها وسرعتها وثبات القطعة وتعليمات FEMI قبل الاستعمال.</p></div>";;;https://cdn.converty.shop/images/cf5dbb996eb2b2b3d8ab512c0035247e35e6ff7a2f8fb0865954289412eb6e28_lg.webp
